,code,D1日期,D2日期,D1收盘价,D2收盘价,D1-D2收益率,D1_5日均线,D1_20日均线,D1_60日均线,D1_J值,D2_J值,D1_WR14,D2_WR14,D1_WR28,D2_WR28,D1_MACD_DIF,D1_MACD_DEA,D1_MACD,D2_MACD_DIF,D2_MACD_DEA,D2_MACD,D1_BOLL中轨,D1_BOLL上轨,D1_BOLL下轨,D2_BOLL中轨,D2_BOLL上轨,D2_BOLL下轨,持仓天数,code_name,5日收益率,10日收益率,30日收益率
0,sh.600000,2024-03-04,2024-03-05,7.07,7.16,1.27,7.11,7.03,6.76,-4.33,14.23,-50.98,-33.33,-26.8,-17.53,0.11,0.12,-0.02,0.1,0.11,-0.02,7.03,7.33,6.73,7.04,7.34,6.75,1,浦发银行,,,
2,sh.600009,2023-02-07,2023-02-08,60.32,60.85,0.88,60.62,59.9,,-0.44,11.94,-51.52,-44.82,-42.48,-36.16,1.01,1.13,-0.25,0.96,1.1,-0.27,59.9,64.24,55.57,60.12,64.15,56.09,1,上海机场,,,
3,sh.600009,2024-10-16,2024-10-21,34.26,34.98,2.1,35.02,33.48,33.72,-7.4,9.74,-68.49,-73.39,-63.9,-58.15,0.72,0.62,0.18,0.56,0.6,-0.08,33.48,38.76,28.21,34.0,38.91,29.09,5,上海机场,,,
4,sh.600010,2024-10-17,2024-10-21,1.58,1.61,1.9,1.63,1.54,1.47,-7.22,2.9,-61.54,-64.44,-60.38,-54.72,0.06,0.06,0.0,0.05,0.06,-0.01,1.54,1.82,1.26,1.56,1.83,1.3,4,包钢股份,,,
8,sh.600016,2023-05-19,2023-05-22,4.03,4.05,0.5,4.06,3.92,3.6,-5.5,2.38,-52.69,-51.09,-45.79,-43.93,0.15,0.16,-0.02,0.14,0.15,-0.03,3.92,4.49,3.34,3.94,4.49,3.39,3,民生银行,,,
11,sh.600018,2023-08-09,2023-08-10,5.33,5.38,0.94,5.37,5.33,5.31,-3.78,12.06,-58.33,-39.13,-43.75,-28.13,0.03,0.03,0.0,0.03,0.03,0.0,5.33,5.47,5.18,5.33,5.47,5.19,1,上港集团,,,
12,sh.600018,2024-10-17,2024-10-18,6.08,6.21,2.14,6.22,6.03,6.11,-6.19,0.34,-68.15,-63.95,-67.3,-59.12,0.06,0.05,0.02,0.06,0.05,0.02,6.03,6.66,5.39,6.05,6.67,5.43,1,上港集团,,,
13,sh.600019,2023-02-08,2023-02-09,6.06,6.08,0.33,6.12,6.04,,-1.12,2.36,-63.64,-72.22,-34.15,-31.71,0.11,0.12,-0.03,0.1,0.12,-0.04,6.04,6.33,5.76,6.06,6.31,5.8,1,宝钢股份,,,
17,sh.600025,2023-08-30,2023-08-31,7.18,7.25,0.97,7.2,7.17,7.11,-0.85,15.97,-56.52,-41.3,-47.27,-34.55,0.03,0.04,-0.01,0.04,0.04,-0.0,7.17,7.32,7.02,7.18,7.32,7.04,1,华能水电,,,
18,sh.600026,2023-06-28,2023-06-30,12.15,12.64,4.03,12.45,12.07,12.5,-1.32,18.21,-53.02,-43.78,-53.02,-36.58,0.13,0.1,0.06,0.11,0.1,0.02,12.07,13.76,10.37,12.18,13.79,10.57,2,中远海能,,,
20,sh.600027,2024-10-16,2024-10-21,5.53,5.54,0.18,5.73,5.46,5.59,-3.02,4.04,-67.1,-84.43,-61.9,-61.31,0.08,0.06,0.04,0.03,0.05,-0.03,5.46,6.21,4.71,5.53,6.17,4.89,5,华电国际,,,
22,sh.600029,2024-06-03,2024-06-04,5.83,5.92,1.54,5.89,5.81,5.7,-3.84,12.28,-55.0,-40.0,-47.14,-36.92,0.07,0.07,-0.01,0.07,0.07,-0.01,5.81,6.15,5.48,5.83,6.16,5.5,1,南方航空,,,
23,sh.600029,2024-10-15,2024-10-21,5.76,5.88,2.08,5.84,5.69,5.74,-2.68,17.6,-71.0,-77.84,-71.0,-65.0,0.08,0.07,0.02,0.06,0.06,-0.01,5.69,6.42,4.96,5.76,6.46,5.06,6,南方航空,,,
24,sh.600030,2024-05-16,2024-05-17,18.78,19.19,2.18,18.92,18.66,19.79,-10.88,50.29,-50.34,-23.4,-32.74,-14.6,-0.08,-0.15,0.14,-0.05,-0.13,0.16,18.66,19.63,17.7,18.74,19.6,17.88,1,中信证券,,,
25,sh.600030,2024-10-17,2024-10-18,26.16,27.91,6.69,26.98,23.65,20.58,-4.03,2.31,-49.05,-36.92,-47.49,-35.22,2.15,2.02,0.26,2.15,2.05,0.21,23.65,32.04,15.27,24.1,32.39,15.8,1,中信证券,,,
26,sh.600030,2024-11-19,2024-11-20,31.3,31.74,1.41,31.74,30.39,24.75,-5.19,0.35,-55.87,-54.91,-49.81,-45.59,1.75,2.06,-0.62,1.64,1.97,-0.67,30.39,35.95,24.83,30.6,36.02,25.17,1,中信证券,,,
27,sh.600031,2023-09-18,2023-09-22,16.32,16.38,0.37,16.47,16.12,16.57,-7.14,34.79,-47.7,-59.17,-39.15,-36.32,0.06,0.02,0.08,-0.0,0.01,-0.03,16.12,17.42,14.82,16.3,17.29,15.31,4,三一重工,,,
28,sh.600031,2024-10-17,2024-10-22,17.73,17.8,0.39,18.15,17.2,16.25,-5.25,1.47,-61.46,-71.5,-53.25,-52.02,0.62,0.6,0.05,0.49,0.57,-0.15,17.2,19.8,14.59,17.56,19.7,15.41,5,三一重工,,,
29,sh.600031,2025-03-21,2025-03-24,19.59,19.96,1.89,19.96,19.4,17.33,-12.22,5.34,-52.02,-50.97,-29.07,-20.52,0.71,0.82,-0.21,0.68,0.79,-0.23,19.4,21.36,17.45,19.51,21.34,17.68,3,三一重工,,,
31,sh.600039,2024-10-29,2024-10-31,7.47,7.65,2.41,7.55,7.4,6.37,-4.77,13.07,-63.22,-70.0,-43.08,-39.62,0.4,0.47,-0.13,0.33,0.42,-0.18,7.4,8.87,5.92,7.53,8.74,6.31,2,四川路桥,,,
32,sh.600039,2025-03-31,2025-04-01,7.94,8.0,0.76,8.08,7.86,7.36,-2.61,3.86,-55.0,-60.32,-29.33,-27.54,0.21,0.23,-0.03,0.2,0.22,-0.05,7.86,8.51,7.21,7.89,8.5,7.28,1,四川路桥,,,
33,sh.600048,2024-05-30,2024-06-04,10.22,10.56,3.33,10.44,10.1,9.31,-7.23,20.88,-68.16,-63.94,-42.07,-33.5,0.44,0.48,-0.08,0.34,0.42,-0.15,10.1,11.73,8.47,10.3,11.63,8.97,5,保利发展,,,
34,sh.600050,2024-10-17,2024-10-21,5.07,5.16,1.78,5.15,4.9,4.75,-1.68,7.85,-57.75,-62.39,-56.16,-50.0,0.15,0.14,0.03,0.14,0.14,0.0,4.9,5.64,4.17,4.97,5.66,4.28,4,中国联通,,,
35,sh.600050,2025-03-03,2025-03-06,6.22,6.53,4.98,6.42,5.97,5.39,-9.64,26.33,-46.71,-47.06,-32.87,-18.52,0.35,0.35,-0.01,0.29,0.33,-0.07,5.97,7.23,4.71,6.17,7.13,5.21,3,中国联通,,,
36,sh.600061,2023-02-08,2023-02-09,6.71,6.82,1.64,6.8,6.65,,-11.04,2.73,-54.05,-44.62,-38.83,-28.16,0.14,0.15,-0.02,0.14,0.15,-0.03,6.65,7.15,6.14,6.68,7.15,6.2,1,国投资本,,,
38,sh.600061,2023-11-22,2023-11-23,7.01,7.06,0.71,7.07,6.98,7.03,-1.28,7.19,-48.08,-54.05,-32.05,-25.64,0.05,0.04,0.02,0.05,0.04,0.02,6.98,7.25,6.7,6.99,7.25,6.73,1,国投资本,,,
39,sh.600061,2024-03-07,2024-03-11,6.72,6.78,0.89,6.79,6.69,6.67,-5.58,9.03,-55.36,-56.82,-47.37,-43.42,0.05,0.05,-0.01,0.04,0.05,-0.01,6.69,7.07,6.31,6.72,7.05,6.38,4,国投资本,,,
40,sh.600061,2024-10-17,2024-10-22,7.33,7.55,3.0,7.5,6.94,6.15,-9.08,10.42,-53.92,-57.89,-48.67,-42.56,0.47,0.48,-0.03,0.41,0.45,-0.09,6.94,8.93,4.95,7.22,8.94,5.5,5,国投资本,,,
41,sh.600066,2023-03-14,2023-03-15,9.86,10.18,3.25,10.03,9.82,,-3.89,15.55,-67.14,-44.29,-37.3,-24.6,0.4,0.48,-0.15,0.39,0.46,-0.14,9.82,10.88,8.77,9.91,10.78,9.04,1,宇通客车,,,
45,sh.600085,2024-10-16,2024-10-21,36.02,39.22,8.88,37.29,35.33,35.91,-5.85,28.39,-68.02,-53.53,-66.43,-45.69,0.84,0.72,0.23,0.79,0.72,0.15,35.33,42.82,27.83,36.06,43.3,28.83,5,同仁堂,,,
48,sh.600089,2024-10-16,2024-10-21,12.92,13.18,2.01,13.4,12.88,12.94,-12.74,10.11,-74.3,-82.25,-72.6,-66.67,0.24,0.23,0.02,0.14,0.19,-0.11,12.88,14.84,10.93,13.03,14.82,11.25,5,特变电工,,,
49,sh.600104,2024-10-16,2024-10-22,13.07,13.12,0.38,13.5,12.82,13.34,-7.58,14.99,-68.34,-83.1,-65.5,-64.41,0.24,0.18,0.12,0.11,0.15,-0.09,12.82,14.92,10.72,13.08,14.85,11.31,6,上汽集团,,,
50,sh.600111,2023-02-10,2023-02-14,28.56,29.22,2.31,28.94,28.19,,-5.96,12.92,-61.76,-46.83,-44.17,-33.5,0.77,0.82,-0.11,0.69,0.78,-0.17,28.19,30.94,25.45,28.44,30.99,25.89,4,北方稀土,,,
51,sh.600111,2024-10-17,2024-10-21,18.77,19.9,6.02,19.42,18.33,17.41,-9.1,11.81,-63.74,-49.56,-58.33,-41.52,0.73,0.73,-0.0,0.69,0.72,-0.05,18.33,22.07,14.59,18.64,22.23,15.04,4,北方稀土,,,
53,sh.600150,2023-03-17,2023-03-21,25.1,25.12,0.08,25.53,24.94,,-2.65,0.9,-61.19,-73.7,-52.77,-52.36,0.5,0.57,-0.15,0.36,0.5,-0.28,24.94,27.29,22.59,25.1,27.19,23.01,4,中国船舶,,,
56,sh.600160,2024-03-11,2024-03-15,19.75,21.13,6.99,20.28,19.5,17.23,-0.39,67.52,-69.57,-8.8,-24.5,-3.37,0.96,1.06,-0.2,0.68,0.84,-0.32,19.5,22.3,16.7,20.01,21.44,18.58,4,巨化股份,,,
58,sh.600160,2024-10-16,2024-10-21,19.72,20.61,4.51,20.21,18.51,18.18,-1.51,22.09,-58.29,-55.02,-46.63,-37.95,0.92,0.77,0.3,0.77,0.77,0.0,18.51,23.18,13.84,19.17,23.06,15.28,5,巨化股份,,,
60,sh.600161,2023-04-21,2023-04-26,26.59,26.72,0.49,27.11,26.05,24.29,-9.68,10.57,-37.57,-67.04,-30.02,-29.48,0.8,0.84,-0.07,0.64,0.76,-0.25,26.05,28.76,23.34,26.42,28.64,24.2,5,天坛生物,,,
62,sh.600161,2025-02-13,2025-02-14,20.31,20.67,1.77,20.63,20.18,20.79,-12.81,10.72,-43.24,-31.41,-40.17,-25.1,0.08,0.03,0.1,0.08,0.04,0.09,20.18,21.74,18.63,20.24,21.78,18.7,1,天坛生物,,,
63,sh.600176,2024-03-08,2024-03-11,9.77,9.87,1.02,9.88,9.77,9.62,-5.24,5.8,-84.91,-72.92,-26.16,-20.35,0.1,0.11,-0.02,0.1,0.11,-0.02,9.77,10.45,9.09,9.81,10.4,9.23,3,中国巨石,,,
64,sh.600176,2024-10-16,2024-10-21,10.38,10.44,0.58,10.74,10.11,10.12,-6.7,5.47,-66.84,-76.92,-61.84,-60.39,0.28,0.25,0.07,0.18,0.22,-0.09,10.11,12.03,8.18,10.28,12.02,8.55,5,中国巨石,,,
66,sh.600183,2024-05-24,2024-05-27,19.8,20.15,1.77,20.48,19.57,17.93,-1.41,3.67,-84.54,-67.63,-29.56,-23.65,0.83,0.88,-0.1,0.77,0.86,-0.17,19.57,22.45,16.68,19.76,22.19,17.33,3,生益科技,,,
67,sh.600183,2024-10-17,2024-10-21,18.69,19.79,5.89,19.07,18.48,18.79,-10.3,19.92,-67.04,-55.2,-65.58,-48.53,0.36,0.35,0.02,0.39,0.36,0.06,18.48,21.71,15.25,18.74,21.88,15.6,4,生益科技,,,
68,sh.600188,2023-09-27,2023-10-09,20.17,20.8,3.12,20.6,19.96,20.1,-2.38,8.58,-63.1,-41.38,-33.21,-21.86,0.52,0.48,0.09,0.47,0.47,-0.0,19.96,22.17,17.75,20.22,21.88,18.57,12,兖矿能源,,,
69,sh.600188,2024-10-17,2024-10-18,15.55,15.85,1.93,15.77,14.83,14.57,-1.56,2.63,-56.18,-58.06,-48.79,-43.6,0.45,0.36,0.17,0.44,0.38,0.12,14.83,17.51,12.15,14.98,17.52,12.43,1,兖矿能源,,,
70,sh.600196,2024-05-16,2024-05-20,23.72,23.81,0.38,23.9,23.42,23.84,-0.69,2.45,-41.67,-43.78,-37.97,-34.18,0.15,0.1,0.11,0.14,0.11,0.04,23.42,24.76,22.08,23.54,24.75,22.34,4,复星医药,,,
71,sh.600196,2024-10-17,2024-10-21,24.65,25.42,3.12,25.26,24.42,23.49,-14.09,2.46,-70.52,-67.47,-67.72,-58.71,0.72,0.77,-0.11,0.65,0.73,-0.17,24.42,28.58,20.25,24.71,28.68,20.74,4,复星医药,,,
73,sh.600219,2024-10-17,2024-10-21,4.11,4.17,1.46,4.2,3.96,3.73,-1.48,11.34,-63.64,-67.37,-50.72,-46.38,0.15,0.14,0.02,0.13,0.14,-0.01,3.96,4.59,3.33,4.02,4.57,3.47,4,南山铝业,,,
74,sh.600233,2024-10-17,2024-10-18,16.75,17.18,2.57,17.03,16.41,15.29,-0.43,6.8,-67.15,-57.66,-60.22,-50.97,0.47,0.5,-0.06,0.46,0.49,-0.06,16.41,18.22,14.6,16.5,18.29,14.71,1,圆通速递,,,
75,sh.600276,2023-11-14,2023-11-20,47.04,47.49,0.96,48.08,46.22,43.76,-8.25,6.38,-42.93,-73.53,-36.44,-30.36,1.09,1.11,-0.04,0.77,0.96,-0.38,46.22,50.77,41.66,47.0,50.39,43.62,6,恒瑞医药,,,
76,sh.600276,2024-10-17,2024-10-21,49.22,50.56,2.72,50.12,47.82,44.49,-4.6,9.01,-54.35,-50.36,-54.35,-45.59,1.78,1.8,-0.04,1.67,1.76,-0.19,47.82,55.51,40.14,48.36,55.98,40.74,4,恒瑞医药,,,
82,sh.600332,2024-10-17,2024-10-21,27.69,28.67,3.54,28.26,27.16,28.34,-13.44,11.86,-67.6,-64.99,-64.01,-53.61,0.31,0.2,0.22,0.33,0.24,0.16,27.16,31.4,22.91,27.52,31.53,23.51,4,白云山,,,
83,sh.600346,2023-11-10,2023-11-15,14.16,14.2,0.28,14.3,14.15,14.48,-1.01,7.01,-38.58,-53.73,-38.58,-36.55,-0.0,-0.03,0.06,-0.03,-0.03,-0.0,14.15,15.13,13.17,14.14,15.11,13.16,5,恒力石化,,,
84,sh.600346,2024-10-17,2024-10-21,13.95,14.44,3.51,14.55,13.84,13.58,-13.29,5.84,-68.19,-68.22,-64.31,-54.71,0.4,0.4,-0.0,0.36,0.39,-0.06,13.84,16.45,11.23,14.06,16.48,11.64,4,恒力石化,,,
85,sh.600362,2024-10-16,2024-10-21,22.44,23.03,2.63,22.88,21.26,20.86,-1.8,21.85,-59.08,-64.12,-51.72,-44.72,0.8,0.67,0.26,0.69,0.69,0.01,21.26,25.41,17.11,21.85,25.4,18.31,5,江西铜业,,,
86,sh.600372,2024-05-15,2024-05-17,12.12,12.4,2.31,12.37,12.05,11.77,-2.97,11.24,-60.55,-37.25,-36.67,-21.11,0.19,0.19,0.0,0.17,0.18,-0.02,12.05,12.93,11.17,12.16,12.81,11.5,2,中航机载,,,
88,sh.600372,2024-10-17,2024-10-21,12.35,12.95,4.86,12.62,11.78,11.88,-2.41,26.38,-50.8,-40.56,-47.75,-32.75,0.39,0.3,0.17,0.4,0.33,0.12,11.78,14.05,9.51,12.0,14.2,9.8,4,中航机载,,,
91,sh.600377,2024-02-27,2024-02-28,11.85,11.95,0.84,12.08,11.77,10.99,-0.2,5.51,-53.9,-46.81,-38.97,-33.85,0.29,0.33,-0.07,0.27,0.32,-0.09,11.77,12.68,10.86,11.82,12.64,11.0,1,宁沪高速,,,
92,sh.600406,2023-05-25,2023-05-30,26.9,27.52,2.3,27.33,26.82,26.81,-4.34,31.33,-53.7,-43.68,-43.4,-23.9,0.2,0.2,-0.01,0.14,0.17,-0.05,26.82,28.48,25.17,27.06,28.29,25.83,5,国电南瑞,,,
93,sh.600406,2025-04-22,2025-04-24,23.06,23.13,0.3,23.35,22.87,22.98,-5.15,11.46,-47.6,-45.51,-47.6,-45.51,0.17,0.12,0.09,0.12,0.12,0.0,22.87,24.2,21.54,22.92,24.23,21.62,2,国电南瑞,,,
95,sh.600426,2024-10-16,2024-10-21,23.13,23.35,0.95,23.68,22.51,23.06,-5.02,4.81,-66.47,-74.18,-63.13,-60.67,0.48,0.38,0.19,0.31,0.36,-0.1,22.51,26.63,18.4,22.87,26.67,19.06,5,华鲁恒升,,,
96,sh.600436,2024-10-16,2024-10-21,226.4,242.0,6.89,236.6,221.72,213.75,-7.38,18.33,-64.86,-54.78,-61.35,-44.83,8.74,8.47,0.54,7.14,7.79,-1.29,221.72,268.89,174.54,226.12,271.01,181.23,5,片仔癀,,,
97,sh.600438,2023-02-07,2023-02-09,40.72,41.16,1.08,41.37,40.58,,-0.23,5.87,-59.73,-50.56,-40.29,-32.37,0.6,0.66,-0.12,0.51,0.61,-0.2,40.58,43.04,38.12,40.88,42.57,39.18,2,通威股份,,,
98,sh.600438,2024-10-17,2024-10-21,20.03,21.65,8.09,20.64,19.96,18.97,-6.98,25.47,-65.8,-50.14,-65.8,-44.82,0.58,0.62,-0.08,0.57,0.6,-0.05,19.96,23.61,16.31,20.17,23.82,16.51,4,通威股份,,,
99,sh.600460,2023-02-08,2023-02-09,35.23,36.88,4.68,35.84,34.66,,-3.24,53.76,-40.91,-3.56,-33.4,-2.78,0.65,0.62,0.06,0.73,0.64,0.16,34.66,37.33,31.98,34.89,37.49,32.28,1,士兰微,,,
101,sh.600482,2023-07-11,2023-07-13,22.14,22.35,0.95,22.19,21.4,19.13,-2.27,9.4,-54.49,-56.12,-38.61,-35.64,0.96,1.05,-0.18,0.82,0.97,-0.31,21.4,25.14,17.65,21.76,24.93,18.59,2,中国动力,,,
102,sh.600489,2023-04-24,2023-04-25,11.25,11.73,4.27,11.64,11.21,9.75,-7.86,12.92,-57.8,-54.55,-43.15,-26.71,0.52,0.61,-0.18,0.49,0.58,-0.18,11.21,12.93,9.49,11.29,12.95,9.63,1,中金黄金,,,
103,sh.600515,2023-04-18,2023-04-20,4.61,4.75,3.04,4.65,4.55,4.46,-5.07,37.09,-58.21,-50.0,-40.62,-26.04,0.09,0.09,-0.0,0.08,0.09,-0.01,4.55,5.05,4.05,4.6,5.02,4.19,2,海南机场,,,
107,sh.600519,2024-05-14,2024-05-17,1701.98,1715.0,0.76,1733.39,1701.55,1698.48,-2.75,3.98,-57.09,-65.72,-52.74,-43.68,12.19,11.28,1.82,7.31,9.74,-4.87,1701.55,1779.6,1623.5,1708.67,1776.33,1641.02,3,贵州茅台,,,
108,sh.600519,2024-10-16,2024-10-21,1522.5,1528.8,0.41,1584.75,1468.51,1439.2,-1.39,3.4,-58.71,-74.16,-58.34,-57.39,53.97,46.78,14.38,38.15,44.18,-12.07,1468.51,1795.48,1141.55,1492.08,1807.45,1176.71,5,贵州茅台,,,
109,sh.600547,2023-04-26,2023-04-27,25.25,25.96,2.81,25.47,24.84,21.51,-2.96,19.13,-71.43,-49.85,-32.46,-24.74,1.13,1.36,-0.45,1.09,1.3,-0.42,24.84,28.71,20.97,25.07,28.62,21.52,1,山东黄金,,,
111,sh.600547,2024-10-11,2024-10-14,27.39,27.95,2.04,27.94,26.52,28.17,-1.32,2.27,-61.17,-53.15,-58.41,-50.75,0.09,-0.12,0.41,0.13,-0.07,0.39,26.52,29.28,23.77,26.64,29.43,23.86,3,山东黄金,,,
112,sh.600547,2024-10-15,2024-10-16,27.05,28.05,3.7,27.29,26.71,28.12,-7.7,5.19,-66.05,-58.51,-63.06,-49.38,0.09,-0.04,0.25,0.14,-0.0,0.27,26.71,29.47,23.96,26.88,29.52,24.24,1,山东黄金,,,
115,sh.600570,2024-11-19,2024-11-20,30.0,30.63,2.1,30.72,29.16,22.54,-3.35,1.87,-62.71,-57.3,-49.29,-45.04,1.98,2.34,-0.73,1.85,2.25,-0.78,29.16,35.12,23.2,29.35,35.24,23.45,1,恒生电子,,,
118,sh.600585,2023-08-11,2023-08-15,25.35,25.37,0.08,25.91,25.32,25.09,-15.49,2.33,-70.86,-76.53,-50.23,-49.77,0.43,0.44,-0.02,0.3,0.4,-0.19,25.32,27.95,22.7,25.51,27.81,23.22,4,海螺水泥,,,
120,sh.600585,2024-05-29,2024-06-03,24.43,24.48,0.2,24.56,24.3,23.38,-10.13,9.94,-60.32,-67.74,-39.28,-37.98,0.43,0.49,-0.13,0.3,0.41,-0.23,24.3,25.94,22.66,24.47,25.81,23.14,5,海螺水泥,,,
121,sh.600585,2024-11-13,2024-11-18,26.26,26.36,0.38,26.8,26.19,23.43,-10.05,1.65,-58.27,-68.78,-50.0,-37.62,0.76,0.92,-0.32,0.53,0.76,-0.46,26.19,27.81,24.56,26.34,27.69,24.98,5,海螺水泥,,,
122,sh.600588,2025-02-27,2025-03-03,16.08,16.4,1.99,16.69,15.2,12.71,-5.72,13.7,-58.02,-60.52,-32.36,-29.46,1.41,1.49,-0.17,1.16,1.38,-0.45,15.2,20.47,9.92,15.74,19.88,11.6,4,用友网络,,,
124,sh.600600,2024-10-16,2024-10-21,68.06,68.71,0.96,70.57,64.15,63.72,-2.05,1.5,-59.74,-65.24,-54.94,-52.97,3.01,2.46,1.12,2.33,2.46,-0.26,64.15,80.67,47.63,65.95,81.05,50.85,5,青岛啤酒,,,
127,sh.600660,2024-04-25,2024-04-26,44.75,49.23,10.01,45.37,44.72,42.76,-1.61,60.66,-69.16,-0.0,-38.94,-0.0,0.61,0.69,-0.15,0.9,0.73,0.33,44.72,46.64,42.8,45.05,47.64,42.45,1,福耀玻璃,,,
128,sh.600660,2025-01-06,2025-01-08,59.51,61.27,2.96,60.78,59.48,58.18,-4.83,27.83,-59.84,-40.94,-46.94,-25.1,0.91,1.01,-0.19,0.85,0.95,-0.19,59.48,63.09,55.88,59.9,62.92,56.87,2,福耀玻璃,,,
129,sh.600674,2023-02-06,2023-02-07,12.42,12.59,1.37,12.51,12.38,,-0.45,17.24,-61.04,-40.54,-57.32,-36.59,0.08,0.08,0.0,0.08,0.08,0.01,12.38,12.73,12.02,12.4,12.76,12.03,1,川投能源,,,
130,sh.600690,2023-09-15,2023-09-18,23.85,23.86,0.04,24.03,23.72,23.61,-1.85,6.45,-57.63,-60.48,-40.8,-40.4,0.16,0.17,-0.02,0.13,0.16,-0.05,23.72,25.2,22.24,23.78,25.18,22.39,3,海尔智家,,,
131,sh.600690,2024-05-21,2024-05-27,30.46,30.75,0.95,31.39,30.44,26.76,-14.9,16.73,-52.05,-65.79,-36.34,-34.35,1.23,1.46,-0.46,0.74,1.09,-0.72,30.44,33.69,27.19,30.79,33.38,28.2,6,海尔智家,,,
132,sh.600690,2024-10-17,2024-10-21,30.28,31.16,2.91,31.24,29.19,26.6,-2.69,16.38,-59.39,-58.55,-41.48,-36.9,1.53,1.52,0.02,1.4,1.49,-0.17,29.19,34.52,23.86,29.8,34.39,25.21,4,海尔智家,,,
133,sh.600741,2024-03-08,2024-03-11,17.12,17.37,1.46,17.22,16.99,16.57,-5.31,24.14,-54.17,-32.14,-24.88,-12.92,0.19,0.21,-0.03,0.19,0.2,-0.02,16.99,17.92,16.05,17.05,17.89,16.21,3,华域汽车,,,
137,sh.600760,2023-11-29,2023-12-01,42.46,42.47,0.02,42.61,42.43,42.67,-0.45,10.19,-51.57,-72.77,-41.21,-48.8,0.15,0.18,-0.06,0.08,0.15,-0.14,42.43,44.21,40.65,42.55,44.09,41.01,2,中航沈飞,,,
138,sh.600803,2024-06-27,2024-06-28,20.48,20.8,1.56,20.84,20.23,19.21,-7.23,1.97,-63.73,-56.98,-35.04,-26.42,0.54,0.57,-0.07,0.51,0.56,-0.1,20.23,22.24,18.23,20.35,22.18,18.53,1,新奥股份,,,
140,sh.600809,2023-11-13,2023-11-15,240.6,242.51,0.79,246.06,240.58,241.22,-5.54,8.93,-79.26,-72.19,-52.57,-47.88,1.98,1.83,0.3,1.27,1.67,-0.79,240.58,259.65,221.5,241.67,259.51,223.83,2,山西汾酒,,,
141,sh.600809,2024-10-16,2024-10-21,190.5,193.14,1.39,198.83,179.73,181.01,-0.09,5.39,-56.09,-61.96,-53.62,-50.81,7.93,6.2,3.46,5.69,6.12,-0.86,179.73,232.31,127.14,184.46,233.8,135.11,5,山西汾酒,,,
144,sh.600875,2024-04-29,2024-05-06,17.22,17.37,0.87,17.47,16.8,15.89,-4.89,8.75,-43.73,-53.07,-37.99,-33.8,0.48,0.49,-0.02,0.4,0.46,-0.13,16.8,18.86,14.73,16.93,18.89,14.97,7,东方电气,,,
145,sh.600875,2024-10-17,2024-10-21,14.37,14.8,2.99,14.63,13.9,14.54,-6.43,15.96,-60.2,-63.7,-58.79,-50.39,0.27,0.18,0.18,0.28,0.21,0.12,13.9,16.36,11.45,14.12,16.46,11.78,4,东方电气,,,
146,sh.600886,2024-06-18,2024-06-20,17.53,17.74,1.2,17.91,17.5,16.12,-2.91,10.25,-69.72,-63.93,-31.23,-26.53,0.48,0.56,-0.16,0.39,0.5,-0.22,17.5,18.89,16.11,17.66,18.63,16.68,2,国投电力,,,
148,sh.600887,2024-03-01,2024-03-05,28.26,28.85,2.09,28.38,28.05,26.91,-2.38,43.98,-39.83,-24.48,-29.19,-10.87,0.43,0.48,-0.1,0.4,0.45,-0.1,28.05,29.42,26.69,28.17,29.48,26.85,4,伊利股份,,,
149,sh.600887,2024-10-16,2024-10-21,26.15,26.21,0.23,27.0,24.72,24.22,-1.02,8.39,-56.96,-67.89,-53.65,-53.09,1.11,0.92,0.37,0.86,0.92,-0.12,24.72,30.26,19.17,25.32,30.4,20.24,5,伊利股份,,,
152,sh.600900,2023-09-28,2023-10-09,22.24,22.56,1.44,22.37,22.2,22.02,-5.32,38.42,-57.73,-26.37,-45.9,-19.67,0.11,0.12,-0.03,0.12,0.12,-0.01,22.2,22.83,21.58,22.24,22.86,21.63,11,长江电力,,,
153,sh.600900,2024-04-26,2024-04-30,25.57,25.79,0.86,25.73,25.46,25.11,-0.93,27.29,-51.67,-43.48,-32.12,-20.73,0.21,0.22,-0.03,0.18,0.2,-0.06,25.46,26.45,24.47,25.53,26.45,24.61,4,长江电力,,,
156,sh.600905,2024-10-17,2024-10-21,4.41,4.49,1.81,4.54,4.38,4.55,-12.69,4.26,-73.02,-77.06,-69.7,-63.64,0.04,0.03,0.03,0.04,0.03,0.01,4.38,4.94,3.82,4.42,4.94,3.9,4,三峡能源,,,
157,sh.600918,2023-08-15,2023-08-16,7.87,8.08,2.67,7.99,7.67,7.16,-4.3,12.9,-49.66,-35.17,-40.22,-29.82,0.26,0.27,-0.02,0.26,0.27,-0.03,7.67,8.64,6.7,7.72,8.65,6.79,1,中泰证券,,,
158,sh.600918,2024-03-08,2024-03-11,6.77,6.88,1.62,6.8,6.73,6.76,-2.77,23.87,-58.7,-42.11,-27.27,-16.16,0.04,0.04,0.0,0.04,0.04,0.01,6.73,7.1,6.36,6.75,7.1,6.41,3,中泰证券,,,
159,sh.600918,2024-08-12,2024-08-13,5.78,5.86,1.38,5.83,5.76,5.87,-3.15,16.58,-60.0,-47.83,-38.46,-28.21,0.03,0.02,0.02,0.03,0.02,0.02,5.76,6.05,5.48,5.78,6.04,5.52,1,中泰证券,,,
160,sh.600918,2024-10-17,2024-10-21,6.46,6.86,6.19,6.62,6.31,5.94,-12.92,10.21,-62.6,-56.13,-60.46,-45.25,0.26,0.28,-0.03,0.26,0.27,-0.03,6.31,7.8,4.82,6.43,7.86,5.01,4,中泰证券,,,
161,sh.600919,2024-03-04,2024-03-05,7.56,7.75,2.51,7.63,7.52,7.01,-1.89,19.6,-53.85,-29.49,-37.84,-20.72,0.16,0.19,-0.05,0.16,0.18,-0.04,7.52,7.95,7.09,7.54,7.97,7.12,1,江苏银行,,,
164,sh.600938,2023-07-18,2023-07-19,18.86,19.18,1.7,19.2,18.66,18.65,-2.33,10.24,-52.22,-34.44,-44.34,-29.25,0.22,0.19,0.06,0.22,0.19,0.05,18.66,19.78,17.54,18.7,19.84,17.57,1,中国海油,,,
165,sh.600938,2023-07-20,2023-07-25,18.84,18.98,0.74,19.0,18.75,18.65,-5.36,18.63,-57.14,-56.94,-45.28,-38.86,0.19,0.19,-0.0,0.11,0.16,-0.1,18.75,19.82,17.67,18.87,19.69,18.04,5,中国海油,,,
166,sh.600938,2024-01-12,2024-01-15,20.61,20.91,1.46,20.83,20.45,19.8,-4.55,13.79,-54.4,-41.57,-38.08,-26.54,0.31,0.34,-0.06,0.3,0.33,-0.06,20.45,21.71,19.2,20.53,21.69,19.38,3,中国海油,,,
169,sh.600958,2024-05-16,2024-05-17,8.31,8.44,1.56,8.41,8.24,8.43,-5.96,22.87,-42.03,-24.62,-35.8,-19.75,0.04,0.01,0.04,0.04,0.02,0.04,8.24,8.66,7.82,8.27,8.66,7.87,1,东方证券,,,
170,sh.600958,2024-10-17,2024-10-21,10.07,10.65,5.76,10.38,9.73,8.8,-9.75,5.97,-60.49,-52.68,-57.51,-44.0,0.53,0.55,-0.05,0.51,0.54,-0.06,9.73,12.05,7.4,9.94,12.16,7.73,4,东方证券,,,
173,sh.601006,2024-11-25,2024-11-26,6.68,6.73,0.75,6.72,6.67,6.5,-2.12,6.49,-75.61,-63.41,-50.82,-42.62,0.04,0.05,-0.02,0.04,0.05,-0.02,6.67,6.87,6.48,6.68,6.86,6.51,1,大秦铁路,,,
174,sh.601006,2025-02-25,2025-02-26,6.65,6.73,1.2,6.75,6.62,6.68,-6.13,5.38,-63.46,-51.02,-39.76,-30.12,0.05,0.04,0.02,0.05,0.05,0.01,6.62,6.99,6.26,6.65,6.98,6.31,1,大秦铁路,,,
176,sh.601009,2024-10-11,2024-10-16,10.42,10.67,2.4,10.69,10.31,10.14,-3.55,6.05,-70.89,-68.85,-62.92,-52.5,0.14,0.13,0.03,0.13,0.13,0.0,10.31,11.09,9.52,10.37,11.16,9.58,5,南京银行,,,
177,sh.601012,2024-10-17,2024-10-18,15.61,16.45,5.38,16.16,15.08,14.2,-6.13,1.97,-56.13,-44.36,-56.13,-43.42,0.74,0.73,0.03,0.73,0.73,0.0,15.08,18.96,11.19,15.23,19.08,11.38,1,隆基绿能,,,
178,sh.601021,2023-04-14,2023-04-17,62.0,63.74,2.81,63.16,60.9,61.69,-2.78,17.78,-36.59,-24.37,-36.59,-20.09,0.7,0.51,0.39,0.75,0.56,0.38,60.9,67.09,54.72,61.18,67.35,55.02,3,春秋航空,,,
179,sh.601021,2023-07-19,2023-07-24,60.52,61.66,1.88,60.96,60.5,58.5,-4.94,27.57,-49.48,-62.26,-32.31,-32.04,0.93,1.08,-0.31,0.72,0.92,-0.4,60.5,64.33,56.67,60.79,64.33,57.25,5,春秋航空,,,
180,sh.601021,2023-11-14,2023-11-15,52.59,52.8,0.4,53.11,51.84,54.45,-6.82,0.18,-45.89,-52.38,-34.3,-31.87,0.02,-0.19,0.42,0.01,-0.15,0.32,51.84,56.47,47.21,52.01,56.51,47.51,1,春秋航空,,,
182,sh.601059,2024-10-17,2024-10-22,14.88,15.42,3.63,15.28,14.45,13.65,-14.66,8.8,-61.98,-63.02,-58.43,-50.3,0.68,0.7,-0.06,0.57,0.65,-0.17,14.45,18.22,10.69,14.9,18.24,11.56,5,信达证券,,,
183,sh.601066,2023-02-06,2023-02-13,26.5,26.77,1.02,27.31,25.95,,-0.99,4.71,-52.1,-81.82,-43.0,-38.55,0.81,0.76,0.09,0.54,0.66,-0.23,25.95,28.79,23.1,26.53,28.61,24.45,7,中信建投,,,
184,sh.601066,2023-08-14,2023-08-16,26.46,26.97,1.93,27.38,26.18,25.06,-2.7,4.74,-63.29,-51.29,-52.13,-43.25,0.71,0.7,0.01,0.62,0.68,-0.12,26.18,28.8,23.57,26.42,28.8,24.04,2,中信建投,,,
185,sh.601066,2024-10-17,2024-10-18,25.55,26.86,5.13,26.71,23.56,20.65,-2.3,2.0,-49.62,-38.71,-45.31,-35.08,1.96,1.84,0.23,1.92,1.86,0.12,23.56,31.03,16.09,23.93,31.27,16.59,1,中信建投,,,
187,sh.601066,2024-11-19,2024-11-21,28.29,28.44,0.53,28.64,27.69,23.79,-2.62,8.94,-60.22,-60.7,-60.22,-58.35,1.12,1.34,-0.44,0.95,1.21,-0.53,27.69,31.95,23.43,27.93,32.04,23.82,2,中信建投,,,
188,sh.601088,2024-10-17,2024-10-18,40.99,41.98,2.42,41.92,40.62,40.21,-2.57,6.03,-70.08,-66.91,-56.36,-47.79,0.61,0.59,0.05,0.6,0.59,0.02,40.62,44.9,36.35,40.89,44.79,36.99,1,中国神华,,,
189,sh.601111,2024-10-16,2024-10-21,6.92,6.95,0.43,7.05,6.83,7.03,-4.49,4.94,-69.14,-76.39,-69.14,-67.9,0.07,0.05,0.03,0.04,0.05,-0.02,6.83,7.81,5.84,6.88,7.84,5.93,5,中国国航,,,
191,sh.601127,2024-11-18,2024-11-20,124.75,129.72,3.98,135.11,121.05,94.36,-1.71,4.45,-57.11,-53.58,-38.47,-31.2,11.57,12.18,-1.22,9.94,11.5,-3.12,121.05,155.42,86.68,124.4,154.26,94.55,2,赛力斯,,,
192,sh.601127,2025-04-24,2025-04-30,128.86,130.28,1.1,129.85,127.77,127.11,-1.62,38.17,-34.97,-62.82,-34.97,-29.44,1.1,0.94,0.31,0.59,0.78,-0.38,127.77,137.62,117.91,128.15,137.98,118.32,6,赛力斯,,,
193,sh.601136,2024-03-08,2024-03-11,20.8,21.25,2.16,21.19,20.44,18.82,-4.21,4.16,-42.31,-46.79,-30.48,-29.06,0.79,0.84,-0.11,0.75,0.82,-0.14,20.44,23.04,17.84,20.52,23.11,17.93,3,首创证券,,,
194,sh.601136,2024-10-17,2024-10-22,20.65,21.53,4.26,21.26,20.13,19.65,-12.89,11.11,-61.02,-63.27,-58.11,-48.78,0.72,0.73,-0.02,0.62,0.69,-0.15,20.13,25.38,14.89,20.74,25.46,16.01,5,首创证券,,,
195,sh.601136,2024-12-13,2024-12-16,23.89,23.96,0.29,24.35,23.8,22.27,-5.57,0.4,-60.31,-68.23,-60.78,-59.41,0.44,0.52,-0.15,0.39,0.49,-0.2,23.8,25.37,22.23,23.89,25.22,22.56,3,首创证券,,,
196,sh.601138,2024-10-17,2024-10-18,23.71,26.08,10.0,24.32,22.23,21.67,-0.02,27.41,-47.03,-23.57,-45.0,-21.76,1.17,1.02,0.29,1.27,1.07,0.39,22.23,28.28,16.18,22.6,28.65,16.54,1,工业富联,,,
200,sh.601211,2023-02-06,2023-02-10,14.16,14.22,0.42,14.33,14.03,,-4.02,8.03,-51.26,-76.39,-37.65,-33.95,0.22,0.21,0.0,0.15,0.19,-0.07,14.03,14.78,13.28,14.16,14.71,13.61,4,国泰君安,,,
202,sh.601236,2023-02-15,2023-02-20,8.54,8.7,1.87,8.63,8.47,,-1.23,39.52,-76.14,-68.6,-50.38,-47.58,0.26,0.3,-0.08,0.19,0.25,-0.12,8.47,9.39,7.54,8.59,9.21,7.98,5,红塔证券,,,
203,sh.601236,2024-03-07,2024-03-11,7.42,7.53,1.48,7.56,7.41,7.47,-8.27,2.59,-62.26,-56.7,-42.58,-35.48,0.06,0.06,-0.0,0.04,0.05,-0.02,7.41,8.06,6.76,7.45,8.05,6.84,4,红塔证券,,,
204,sh.601236,2024-10-17,2024-10-18,8.07,8.53,5.7,8.53,7.74,7.05,-3.95,5.3,-54.83,-39.37,-50.16,-35.76,0.47,0.46,0.01,0.46,0.46,-0.01,7.74,9.71,5.77,7.84,9.76,5.92,1,红塔证券,,,
206,sh.601238,2024-10-16,2024-10-21,7.96,8.0,0.5,8.16,7.83,7.71,-11.15,4.0,-71.02,-82.52,-66.16,-64.64,0.2,0.2,0.01,0.14,0.18,-0.07,7.83,8.99,6.68,7.94,8.99,6.89,5,广汽集团,,,
207,sh.601238,2024-11-22,2024-11-25,8.63,8.78,1.74,8.9,8.62,8.03,-0.43,4.1,-66.88,-64.29,-54.97,-47.12,0.21,0.23,-0.03,0.2,0.22,-0.05,8.62,9.41,7.84,8.64,9.42,7.85,3,广汽集团,,,
208,sh.601238,2024-12-16,2024-12-18,9.55,9.62,0.73,9.71,9.34,8.6,-2.96,10.43,-50.59,-50.41,-50.39,-47.84,0.31,0.33,-0.03,0.26,0.31,-0.09,9.34,10.59,8.08,9.4,10.63,8.17,2,广汽集团,,,
210,sh.601288,2024-04-30,2024-05-08,4.4,4.43,0.68,4.46,4.39,4.22,-4.93,21.83,-59.46,-61.29,-40.0,-40.43,0.07,0.08,-0.02,0.05,0.06,-0.03,4.39,4.6,4.18,4.41,4.59,4.23,8,农业银行,,,
212,sh.601318,2023-09-14,2023-09-18,49.19,49.3,0.22,49.82,48.85,48.75,-4.15,2.72,-65.78,-65.0,-47.46,-45.53,0.27,0.23,0.08,0.18,0.22,-0.08,48.85,52.03,45.67,49.06,52.0,46.13,4,中国平安,,,
214,sh.601336,2024-03-06,2024-03-11,31.6,31.98,1.2,32.23,31.56,30.48,-1.38,23.5,-65.27,-65.05,-39.72,-37.93,0.55,0.63,-0.17,0.36,0.51,-0.31,31.56,34.52,28.61,31.83,34.35,29.31,5,新华保险,,,
216,sh.601360,2024-05-15,2024-05-20,8.51,8.65,1.65,8.71,8.46,8.66,-2.05,17.78,-61.75,-66.44,-55.12,-48.29,0.05,0.02,0.05,0.03,0.02,0.01,8.46,9.26,7.67,8.51,9.28,7.74,5,三六零,,,
217,sh.601360,2025-02-18,2025-02-21,11.74,12.26,4.43,12.63,11.56,11.74,-8.77,4.06,-58.33,-56.02,-51.25,-41.63,0.53,0.46,0.15,0.39,0.44,-0.1,11.56,14.47,8.65,11.83,14.51,9.15,3,三六零,,,
219,sh.601377,2024-10-17,2024-10-18,6.16,6.47,5.03,6.23,5.89,5.43,-8.09,3.6,-58.26,-45.58,-54.25,-41.7,0.3,0.31,-0.02,0.3,0.3,-0.02,5.89,7.3,4.49,5.96,7.34,4.59,1,兴业证券,,,
221,sh.601398,2025-02-26,2025-02-27,6.88,6.93,0.73,6.93,6.84,6.64,-1.65,17.04,-49.06,-42.0,-35.14,-28.38,0.08,0.09,-0.02,0.07,0.08,-0.02,6.84,7.18,6.5,6.86,7.15,6.58,1,工商银行,,,
222,sh.601600,2023-04-25,2023-04-26,6.16,6.26,1.62,6.36,5.99,5.67,-1.04,2.72,-51.28,-45.05,-40.0,-33.33,0.22,0.22,0.0,0.2,0.21,-0.02,5.99,6.87,5.12,6.04,6.87,5.2,1,中国铝业,,,
225,sh.601600,2024-01-11,2024-01-12,5.46,5.52,1.1,5.53,5.4,5.61,-0.24,12.42,-42.11,-45.0,-36.36,-27.27,0.02,0.0,0.04,0.02,0.0,0.03,5.4,5.83,4.98,5.42,5.83,5.02,1,中国铝业,,,
227,sh.601607,2024-10-17,2024-10-18,20.41,20.81,1.96,20.36,19.75,19.46,-0.19,9.38,-58.0,-49.69,-52.44,-44.92,0.38,0.34,0.07,0.39,0.35,0.08,19.75,21.8,17.7,19.86,21.88,17.83,1,上海医药,,,
228,sh.601607,2024-12-04,2024-12-06,21.37,21.73,1.68,21.52,21.23,20.3,-1.6,24.86,-56.06,-37.88,-33.84,-22.87,0.34,0.39,-0.09,0.31,0.36,-0.11,21.23,22.59,19.87,21.39,22.42,20.36,2,上海医药,,,
229,sh.601628,2023-08-11,2023-08-15,35.97,36.47,1.39,36.89,35.09,36.26,-3.86,7.15,-47.69,-49.91,-41.17,-34.95,0.57,0.36,0.43,0.44,0.39,0.1,35.09,39.65,30.54,35.42,39.71,31.12,4,中国人寿,,,
230,sh.601628,2024-02-28,2024-02-29,30.0,30.33,1.1,30.77,29.68,28.31,-3.02,0.2,-44.09,-36.59,-28.32,-23.5,0.83,0.81,0.04,0.78,0.81,-0.06,29.68,32.3,27.06,29.85,32.14,27.56,1,中国人寿,,,
235,sh.601658,2024-05-31,2024-06-04,5.03,5.04,0.2,5.09,5.01,4.85,-2.8,8.16,-60.0,-60.87,-31.91,-29.79,0.07,0.07,-0.01,0.05,0.07,-0.02,5.01,5.2,4.82,5.02,5.18,4.87,4,邮储银行,,,
237,sh.601668,2024-05-30,2024-06-04,5.65,5.67,0.35,5.7,5.62,5.37,-0.53,11.93,-62.0,-64.44,-41.33,-38.67,0.1,0.12,-0.03,0.07,0.1,-0.05,5.62,5.97,5.27,5.65,5.95,5.36,5,中国建筑,,,
240,sh.601689,2024-03-08,2024-03-11,54.84,58.5,6.67,56.45,53.74,61.43,-6.52,35.39,-38.65,-16.05,-34.25,-13.39,-0.04,-0.56,1.04,0.17,-0.42,1.17,53.74,63.08,44.41,54.31,63.33,45.29,3,拓普集团,,,
241,sh.601689,2024-10-17,2024-10-18,41.69,45.1,8.18,42.76,40.59,37.11,-8.33,14.24,-60.76,-38.46,-48.13,-30.47,2.02,2.12,-0.21,2.08,2.11,-0.06,40.59,49.97,31.22,41.04,50.38,31.71,1,拓普集团,,,
242,sh.601698,2024-11-22,2024-11-27,21.17,22.19,4.82,22.04,20.96,17.37,-9.56,15.69,-62.57,-69.4,-59.28,-51.35,1.5,1.72,-0.45,0.99,1.4,-0.83,20.96,27.99,13.93,21.52,27.85,15.19,5,中国卫通,,,
243,sh.601699,2023-03-07,2023-03-09,21.82,22.08,1.19,22.27,21.38,,-1.86,3.62,-41.01,-44.06,-41.01,-35.02,0.83,0.92,-0.18,0.73,0.86,-0.26,21.38,24.01,18.76,21.54,24.12,18.96,2,潞安环能,,,
244,sh.601699,2024-10-16,2024-10-21,15.77,15.95,1.14,16.25,15.08,14.92,-6.18,14.38,-60.45,-78.45,-54.98,-52.18,0.53,0.44,0.19,0.4,0.43,-0.06,15.08,18.21,11.96,15.47,18.12,12.82,5,潞安环能,,,
245,sh.601728,2025-02-28,2025-03-05,7.75,8.04,3.74,8.04,7.75,7.18,-9.07,12.2,-78.18,-55.88,-43.43,-28.79,0.26,0.28,-0.05,0.2,0.25,-0.09,7.75,8.71,6.78,7.89,8.59,7.18,5,中国电信,,,
246,sh.601766,2023-04-26,2023-04-27,6.69,6.84,2.24,6.83,6.64,6.1,-1.56,14.98,-80.95,-60.0,-38.35,-27.07,0.19,0.21,-0.05,0.18,0.2,-0.05,6.64,7.24,6.04,6.68,7.19,6.18,1,中国中车,,,
249,sh.601788,2024-10-17,2024-10-22,16.9,17.52,3.67,17.43,16.5,15.24,-13.91,8.49,-65.79,-65.55,-61.33,-52.92,0.78,0.85,-0.13,0.67,0.78,-0.22,16.5,20.58,12.43,17.01,20.6,13.41,5,光大证券,,,
251,sh.601808,2024-10-17,2024-10-21,14.97,15.33,2.4,15.44,14.63,14.62,-8.18,0.65,-62.24,-64.66,-58.87,-51.08,0.36,0.31,0.1,0.33,0.32,0.02,14.63,17.13,12.13,14.85,17.18,12.52,4,中海油服,,,
253,sh.601818,2024-03-04,2024-03-05,3.2,3.27,2.19,3.21,3.19,3.02,-1.41,23.21,-51.72,-27.59,-34.88,-18.6,0.05,0.06,-0.02,0.05,0.06,-0.01,3.19,3.3,3.09,3.2,3.31,3.09,1,光大银行,,,
254,sh.601838,2024-10-28,2024-10-29,15.47,15.5,0.19,15.61,15.45,14.57,-0.39,2.98,-58.6,-63.86,-40.0,-39.32,0.37,0.41,-0.09,0.33,0.4,-0.12,15.45,16.54,14.35,15.51,16.43,14.6,1,成都银行,,,
255,sh.601857,2024-10-16,2024-10-21,8.42,8.46,0.48,8.61,8.33,8.77,-5.29,3.04,-71.77,-87.43,-63.29,-61.6,0.01,-0.03,0.08,-0.0,-0.01,0.02,8.33,9.19,7.47,8.42,9.17,7.67,5,中国石油,,,
256,sh.601865,2023-04-12,2023-04-17,32.66,33.1,1.35,33.12,32.64,34.26,-1.27,29.39,-63.48,-59.09,-53.62,-44.26,-0.03,-0.13,0.18,-0.14,-0.14,-0.01,32.64,34.74,30.54,32.77,34.64,30.91,5,福莱特,,,
258,sh.601865,2024-10-17,2024-10-21,18.12,19.16,5.74,18.71,17.63,17.68,-7.7,10.53,-55.38,-46.11,-55.38,-41.4,0.49,0.43,0.13,0.48,0.44,0.07,17.63,21.74,13.52,17.84,21.97,13.71,4,福莱特,,,
259,sh.601872,2023-10-12,2023-10-16,6.29,6.64,5.56,6.35,6.22,6.25,-3.5,38.47,-60.67,-24.36,-46.96,-16.52,0.07,0.08,-0.01,0.08,0.08,0.01,6.22,6.87,5.58,6.29,6.89,5.68,4,招商轮船,,,
260,sh.601872,2024-05-23,2024-05-27,9.1,9.3,2.2,9.23,8.96,8.17,-1.42,11.92,-48.57,-45.77,-42.5,-35.91,0.28,0.31,-0.07,0.25,0.29,-0.09,8.96,9.83,8.1,9.03,9.85,8.22,4,招商轮船,,,
261,sh.601872,2024-10-16,2024-10-21,7.09,7.18,1.27,7.28,7.01,7.51,-3.09,8.07,-75.98,-77.1,-64.93,-61.57,-0.0,-0.04,0.08,-0.03,-0.04,0.01,7.01,8.05,5.96,7.11,7.99,6.23,5,招商轮船,,,
264,sh.601877,2025-03-03,2025-03-06,23.18,23.74,2.42,23.74,23.04,22.54,-2.49,16.03,-61.98,-48.51,-53.63,-44.62,0.48,0.49,-0.02,0.34,0.43,-0.17,23.04,25.47,20.61,23.27,25.45,21.1,3,正泰电器,,,
266,sh.601878,2024-05-20,2024-05-21,11.59,11.77,1.55,12.06,11.18,10.66,-2.62,1.33,-61.28,-74.09,-51.8,-47.16,0.41,0.38,0.06,0.39,0.38,0.01,11.18,13.06,9.3,11.26,13.08,9.44,1,浙商证券,,,
267,sh.601878,2024-10-17,2024-10-18,12.68,13.61,7.33,13.02,12.42,11.45,-12.97,3.17,-64.97,-46.31,-60.3,-42.72,0.56,0.61,-0.1,0.57,0.6,-0.07,12.42,15.31,9.52,12.55,15.4,9.7,1,浙商证券,,,
270,sh.601881,2024-05-16,2024-05-17,12.0,12.23,1.92,12.29,11.89,11.95,-4.36,18.83,-51.46,-38.01,-42.11,-31.1,0.15,0.13,0.04,0.15,0.13,0.03,11.89,13.03,10.74,11.94,13.03,10.86,1,中国银河,,,
271,sh.601881,2024-10-17,2024-10-18,14.03,14.76,5.2,14.52,13.23,11.44,-2.37,5.8,-50.34,-38.49,-43.71,-34.49,0.95,0.97,-0.05,0.93,0.96,-0.06,13.23,16.94,9.53,13.41,17.05,9.76,1,中国银河,,,
273,sh.601888,2024-10-17,2024-10-22,65.44,69.14,5.65,68.71,64.41,63.81,-15.92,14.77,-62.44,-57.65,-62.04,-50.25,2.61,2.65,-0.09,2.13,2.44,-0.64,64.41,83.62,45.2,66.44,83.92,48.96,5,中国中免,,,
275,sh.601899,2024-10-17,2024-10-18,17.14,17.63,2.86,17.33,16.53,16.13,-3.7,7.77,-65.16,-58.18,-46.04,-37.77,0.47,0.43,0.09,0.48,0.44,0.08,16.53,19.01,14.04,16.7,18.97,14.42,1,紫金矿业,,,
276,sh.601901,2023-02-08,2023-02-09,6.82,6.9,1.17,6.91,6.76,,-4.65,0.34,-55.84,-52.24,-44.79,-36.46,0.12,0.12,-0.01,0.11,0.12,-0.01,6.76,7.18,6.33,6.78,7.18,6.37,1,方正证券,,,
277,sh.601901,2023-02-10,2023-02-14,6.84,6.86,0.29,6.86,6.79,,-6.42,1.13,-70.69,-72.22,-42.71,-40.62,0.1,0.11,-0.03,0.09,0.11,-0.04,6.79,7.18,6.41,6.83,7.16,6.5,4,方正证券,,,
279,sh.601901,2024-03-13,2024-03-15,7.44,7.49,0.67,7.5,7.37,7.57,-8.71,16.26,-72.31,-75.42,-42.73,-40.45,0.07,0.06,0.03,0.05,0.06,-0.01,7.37,8.14,6.61,7.44,8.09,6.79,2,方正证券,,,
281,sh.601901,2024-10-17,2024-10-22,8.21,8.47,3.17,8.46,7.96,7.44,-11.45,3.57,-61.13,-61.86,-57.22,-50.56,0.4,0.41,-0.03,0.33,0.38,-0.1,7.96,10.02,5.91,8.21,10.04,6.37,5,方正证券,,,
282,sh.601919,2024-10-16,2024-10-21,14.41,14.52,0.76,14.72,13.81,13.04,-11.28,4.05,-61.32,-80.47,-49.4,-47.5,0.62,0.6,0.04,0.45,0.54,-0.18,13.81,16.75,10.88,14.2,16.49,11.92,5,中远海控,,,
284,sh.601985,2024-10-15,2024-10-22,10.44,10.63,1.82,10.61,10.35,10.9,-2.78,27.96,-70.45,-79.49,-68.5,-61.02,0.01,-0.04,0.11,-0.02,-0.03,0.01,10.35,11.24,9.45,10.48,11.18,9.77,7,中国核电,,,
285,sh.601988,2024-04-29,2024-04-30,4.57,4.59,0.44,4.61,4.57,4.47,-2.17,1.77,-63.64,-57.58,-41.18,-37.25,0.05,0.06,-0.01,0.04,0.05,-0.02,4.57,4.75,4.39,4.58,4.74,4.41,1,中国银行,,,
286,sh.601989,2024-08-09,2024-08-14,5.46,5.56,1.83,5.54,5.44,5.1,-4.23,20.03,-54.55,-43.33,-34.95,-25.74,0.14,0.15,-0.03,0.11,0.13,-0.05,5.44,5.8,5.08,5.48,5.78,5.18,5,中国重工,,,
288,sh.601995,2024-10-17,2024-10-21,34.3,35.86,4.55,36.14,33.28,30.03,-11.3,4.63,-58.48,-56.11,-53.57,-43.34,1.97,2.07,-0.22,1.8,1.99,-0.38,33.28,42.23,24.34,34.03,42.47,25.59,4,中金公司,,,
289,sh.601998,2023-04-03,2023-04-04,5.4,5.51,2.04,5.47,5.34,5.12,-0.34,25.9,-50.77,-34.92,-38.82,-25.88,0.11,0.11,-0.01,0.11,0.11,-0.01,5.34,5.68,5.0,5.36,5.7,5.02,1,中信银行,,,
290,sh.601998,2023-05-19,2023-05-22,6.93,7.03,1.44,7.0,6.8,5.82,-1.49,9.4,-68.37,-63.27,-45.58,-42.18,0.34,0.39,-0.11,0.32,0.38,-0.12,6.8,7.89,5.71,6.85,7.89,5.81,3,中信银行,,,
291,sh.601998,2024-04-30,2024-05-07,6.88,6.95,1.02,6.91,6.77,6.46,-4.6,10.28,-67.88,-67.31,-57.73,-54.12,0.17,0.19,-0.04,0.15,0.17,-0.06,6.77,7.62,5.92,6.83,7.62,6.05,7,中信银行,,,
292,sh.603019,2023-05-05,2023-05-08,48.41,50.55,4.42,50.28,46.98,37.53,-4.78,0.35,-53.3,-42.91,-48.18,-38.79,3.76,4.14,-0.76,3.55,4.02,-0.94,46.98,59.37,34.6,47.45,59.62,35.29,3,中科曙光,,,
293,sh.603019,2023-11-22,2023-11-23,39.36,39.74,0.97,40.06,38.88,38.54,-0.25,14.18,-44.83,-44.76,-30.67,-25.6,0.65,0.56,0.19,0.61,0.57,0.08,38.88,42.44,35.33,39.1,42.27,35.93,1,中科曙光,,,
294,sh.603195,2024-05-21,2024-05-27,123.4,126.03,2.13,125.71,120.57,109.1,-12.38,21.63,-50.52,-59.59,-30.25,-20.82,4.97,5.42,-0.91,3.77,4.62,-1.69,120.57,136.63,104.51,123.74,134.17,113.3,6,公牛集团,,,
297,sh.603259,2024-10-17,2024-10-21,48.18,50.36,4.52,50.11,46.42,42.04,-6.8,1.17,-60.83,-50.78,-50.0,-40.37,2.89,2.93,-0.08,2.62,2.84,-0.43,46.42,58.73,34.12,47.54,58.94,36.14,4,药明康德,,,
298,sh.603259,2024-12-20,2024-12-23,55.79,56.26,0.84,55.9,53.85,52.42,-2.97,6.76,-50.46,-46.0,-40.61,-36.75,1.19,1.14,0.1,1.16,1.15,0.03,53.85,60.57,47.12,54.21,60.62,47.79,3,药明康德,,,
299,sh.603259,2025-02-28,2025-03-06,61.13,62.38,2.04,62.82,60.33,56.37,-2.57,12.18,-64.96,-70.61,-48.56,-43.95,2.12,2.14,-0.04,1.34,1.76,-0.84,60.33,67.34,53.33,61.24,66.9,55.57,6,药明康德,,,
301,sh.603288,2024-03-07,2024-03-11,39.36,40.0,1.63,40.13,38.8,36.56,-3.98,15.56,-54.97,-40.18,-28.88,-21.12,1.15,1.2,-0.1,0.97,1.13,-0.31,38.8,43.26,34.34,39.3,42.69,35.92,4,海天味业,,,
302,sh.603288,2024-10-17,2024-10-22,42.24,43.48,2.94,44.64,41.57,37.16,-13.71,5.98,-62.03,-66.13,-58.65,-52.98,2.41,2.57,-0.31,1.82,2.27,-0.91,41.57,51.84,31.3,42.66,51.74,33.57,5,海天味业,,,
304,sh.603296,2024-03-15,2024-03-18,73.3,76.01,3.7,75.03,70.87,69.77,-0.82,22.83,-46.65,-28.11,-23.3,-14.04,2.79,2.53,0.52,2.77,2.58,0.38,70.87,83.4,58.34,71.64,83.39,59.89,3,华勤技术,,,
306,sh.603369,2024-10-17,2024-10-21,44.25,45.93,3.8,45.85,43.04,42.76,-12.4,4.69,-64.76,-59.91,-58.29,-50.42,1.7,1.63,0.14,1.49,1.59,-0.2,43.04,54.42,31.66,43.89,54.61,33.17,4,今世缘,,,
309,sh.603392,2024-12-17,2024-12-18,74.55,75.7,1.54,75.47,74.42,73.72,-9.17,10.26,-55.51,-41.06,-50.58,-35.78,0.65,0.68,-0.07,0.64,0.67,-0.06,74.42,78.13,70.72,74.62,78.14,71.09,1,万泰生物,,,
310,sh.603501,2023-02-07,2023-02-09,92.64,95.0,2.55,93.8,89.5,,-9.12,11.71,-41.47,-29.59,-32.19,-22.97,3.85,4.01,-0.32,3.47,3.82,-0.7,89.5,102.15,76.85,90.97,101.4,80.53,2,韦尔股份,,,
312,sh.603501,2025-03-03,2025-03-05,142.68,145.08,1.68,145.61,136.11,113.18,-3.84,2.71,-47.66,-54.54,-31.46,-27.55,9.93,10.72,-1.57,8.71,10.08,-2.74,136.11,168.31,103.9,139.73,165.73,113.73,2,韦尔股份,,,
313,sh.603659,2024-10-17,2024-10-18,13.1,14.17,8.17,13.48,12.69,12.22,-12.62,5.4,-56.02,-39.65,-55.37,-37.69,0.56,0.55,0.01,0.58,0.56,0.04,12.69,16.12,9.26,12.82,16.27,9.37,1,璞泰来,,,
314,sh.603659,2024-11-18,2024-11-19,18.12,18.99,4.8,19.42,17.7,13.98,-0.18,4.37,-64.09,-49.14,-42.34,-32.46,1.43,1.52,-0.19,1.35,1.49,-0.27,17.7,21.57,13.82,17.9,21.58,14.23,1,璞泰来,,,
316,sh.603799,2024-10-17,2024-10-18,27.72,28.95,4.44,28.34,25.76,23.62,-1.49,2.35,-47.42,-36.98,-45.66,-35.3,1.66,1.52,0.27,1.64,1.54,0.19,25.76,32.94,18.59,26.07,33.23,18.91,1,华友钴业,,,
319,sh.603806,2024-10-17,2024-10-18,15.45,15.97,3.37,15.51,15.24,15.03,-3.4,5.23,-66.89,-58.54,-65.68,-57.1,0.26,0.29,-0.06,0.26,0.28,-0.04,15.24,18.03,12.46,15.32,18.09,12.55,1,福斯特,,,
321,sh.603986,2023-02-07,2023-02-09,113.49,118.08,4.04,115.5,112.29,,-9.4,18.65,-56.12,-37.68,-45.84,-28.32,3.05,3.36,-0.61,2.76,3.13,-0.74,112.29,125.84,98.74,113.69,125.24,102.15,2,兆易创新,,,
322,sh.603986,2023-07-26,2023-07-28,111.8,114.23,2.17,112.05,111.6,108.92,-2.35,18.05,-56.71,-54.15,-56.65,-44.68,0.99,1.21,-0.43,0.84,1.06,-0.44,111.6,120.13,103.06,112.25,119.91,104.59,2,兆易创新,,,
323,sh.603986,2023-11-13,2023-11-15,104.11,106.99,2.77,105.6,102.69,99.31,-3.91,23.89,-33.55,-20.42,-33.55,-17.74,1.57,1.49,0.15,1.45,1.46,-0.03,102.69,111.97,93.4,103.09,112.5,93.68,2,兆易创新,,,
324,sh.603986,2024-10-17,2024-10-18,82.39,87.74,6.49,84.12,77.07,78.01,-2.14,8.1,-51.65,-37.08,-50.66,-36.21,3.5,2.81,1.38,3.66,2.98,1.35,77.07,98.66,55.47,78.07,99.69,56.45,1,兆易创新,,,
325,sh.603986,2025-01-03,2025-01-07,103.1,105.2,2.04,107.73,100.61,92.51,-3.21,6.15,-54.52,-50.83,-40.45,-35.45,5.1,5.42,-0.65,3.99,4.95,-1.92,100.61,123.5,77.71,102.38,122.57,82.19,4,兆易创新,,,
326,sh.603993,2024-10-16,2024-10-21,8.02,8.32,3.74,8.14,7.65,7.5,-1.17,50.97,-63.75,-66.13,-49.84,-40.07,0.25,0.22,0.06,0.22,0.22,-0.0,7.65,9.09,6.21,7.87,9.02,6.72,5,洛阳钼业,,,
327,sh.605117,2024-03-22,2024-03-26,94.99,101.77,7.14,98.93,92.73,83.33,-8.08,44.47,-55.67,-33.4,-31.38,-20.05,5.23,5.56,-0.67,4.87,5.3,-0.85,92.73,110.57,74.89,94.65,110.4,78.91,4,德业股份,,,
328,sh.605499,2024-05-20,2024-05-21,220.3,224.21,1.77,224.03,213.33,194.21,-3.39,8.1,-36.75,-27.64,-27.54,-19.56,9.01,9.19,-0.36,8.65,9.08,-0.87,213.33,241.01,185.66,214.88,241.27,188.48,1,东鹏饮料,,,
329,sh.605499,2024-12-26,2024-12-27,241.63,243.86,0.92,242.45,235.05,225.66,-3.32,8.07,-42.67,-40.08,-33.5,-29.06,6.32,6.31,0.03,6.12,6.27,-0.31,235.05,261.52,208.57,236.55,261.31,211.79,1,东鹏饮料,,,
332,sh.688012,2024-11-20,2024-11-21,213.01,216.5,1.64,217.29,206.8,165.63,-1.04,1.17,-61.95,-57.04,-44.83,-41.27,13.83,15.93,-4.2,12.88,15.32,-4.88,206.8,251.04,162.56,208.62,251.19,166.06,1,中微公司,,,
334,sh.688041,2025-04-25,2025-04-29,147.21,150.1,1.96,150.07,145.87,147.39,-3.18,11.66,-38.8,-43.46,-35.56,-25.82,0.74,0.37,0.74,0.73,0.49,0.48,145.87,157.74,134.01,146.69,158.26,135.12,4,海光信息,,,
335,sh.688082,2023-10-23,2023-10-24,115.05,123.05,6.95,117.17,112.29,108.38,-2.2,59.47,-34.72,-0.23,-32.65,-0.21,2.62,2.57,0.11,3.0,2.65,0.69,112.29,127.48,97.1,113.11,128.78,97.45,1,盛美上海,,,
337,sh.688111,2025-02-19,2025-02-21,365.0,371.6,1.81,374.2,334.75,306.46,-4.52,3.87,-33.24,-38.84,-27.36,-23.23,24.26,22.34,3.84,21.97,22.34,-0.73,334.75,430.21,239.29,344.06,431.86,256.27,2,金山办公,,,
338,sh.688126,2023-03-28,2023-03-29,22.09,23.13,4.71,22.82,21.9,,-10.48,17.05,-54.46,-30.21,-47.01,-24.79,0.66,0.71,-0.11,0.66,0.7,-0.08,21.9,24.51,19.3,22.05,24.58,19.52,1,沪硅产业,,,
340,sh.688169,2024-05-20,2024-05-21,426.74,433.91,1.68,439.39,420.18,363.68,-4.58,4.67,-44.62,-41.14,-30.18,-25.17,22.28,25.36,-6.18,20.69,24.43,-7.48,420.18,488.4,351.95,423.08,488.22,357.94,1,石头科技,,,
343,sh.688223,2023-11-22,2023-11-23,9.68,10.02,3.51,9.87,9.65,9.85,-3.83,8.01,-60.0,-44.25,-58.12,-40.31,0.08,0.06,0.05,0.09,0.06,0.05,9.65,10.56,8.75,9.7,10.58,8.81,1,晶科能源,,,
344,sh.688256,2023-11-28,2023-11-30,144.1,149.81,3.96,147.0,138.33,132.59,-0.56,12.59,-62.99,-53.31,-39.32,-30.58,6.44,6.52,-0.16,5.72,6.24,-1.04,138.33,173.78,102.89,142.33,170.43,114.22,2,寒武纪,,,
345,sh.688256,2024-06-28,2024-07-01,198.67,204.84,3.11,200.75,195.84,175.71,-1.7,14.81,-57.13,-50.79,-41.85,-30.88,7.13,8.32,-2.39,6.91,8.04,-2.26,195.84,223.99,167.69,197.34,223.93,170.75,3,寒武纪,,,
346,sh.688256,2024-11-04,2024-11-05,410.94,437.86,6.55,430.96,398.95,289.66,-0.11,21.1,-55.88,-43.69,-30.97,-22.09,41.02,44.56,-7.08,39.92,43.63,-7.43,398.95,479.57,318.32,403.49,482.0,324.98,1,寒武纪,,,
348,sh.688271,2024-10-17,2024-10-21,110.35,116.3,5.39,114.88,108.87,109.58,-12.26,4.81,-70.37,-67.37,-69.42,-59.5,3.27,3.25,0.05,3.03,3.19,-0.3,108.87,136.74,81.01,110.77,137.66,83.89,4,联影医疗,,,
350,sh.688506,2023-02-17,2023-02-22,72.0,72.1,0.14,75.75,70.7,,-2.38,20.85,-61.18,-67.29,-29.2,-31.77,8.34,9.76,-2.85,6.01,8.19,-4.35,70.7,91.27,50.13,72.76,89.41,56.1,5,百利天恒,,,
351,sh.688506,2023-12-11,2023-12-12,109.26,131.11,20.0,112.86,107.17,97.0,-0.1,62.77,-67.9,-0.0,-45.31,-0.0,4.64,5.12,-0.96,5.99,5.29,1.38,107.17,122.11,92.23,109.09,125.96,92.23,1,百利天恒,,,
352,sh.688506,2024-05-24,2024-05-27,179.62,179.79,0.09,182.0,175.06,141.27,-0.15,2.53,-70.47,-76.84,-28.2,-28.02,12.54,14.32,-3.57,11.55,13.77,-4.44,175.06,212.79,137.33,177.31,209.92,144.71,3,百利天恒,,,
354,sh.688506,2025-03-12,2025-03-14,210.52,212.02,0.71,213.3,206.75,197.8,-1.05,14.41,-51.81,-82.44,-43.31,-40.99,5.82,6.29,-0.95,4.77,5.8,-2.08,206.75,239.88,173.62,209.47,238.54,180.41,2,百利天恒,,,
355,sh.688981,2023-03-30,2023-03-31,49.08,50.11,2.1,49.57,47.87,,-1.27,15.65,-41.26,-34.53,-37.76,-29.27,1.83,1.99,-0.33,1.75,1.95,-0.39,47.87,55.41,40.32,48.2,55.49,40.92,1,中芯国际,,,
357,sh.688981,2024-11-01,2024-11-05,84.81,95.8,12.96,88.59,83.33,58.88,-5.53,51.2,-62.23,-35.45,-35.17,-18.55,8.89,10.09,-2.4,8.4,9.46,-2.11,83.33,104.61,62.05,85.86,103.73,67.99,4,中芯国际,,,
360,sz.000001,2024-03-06,2024-03-08,10.33,10.38,0.48,10.43,10.12,9.55,-4.9,8.65,-52.91,-56.95,-39.91,-37.72,0.27,0.28,-0.03,0.23,0.27,-0.07,10.12,11.21,9.03,10.21,11.2,9.22,2,平安银行,,,
363,sz.000100,2024-10-16,2024-10-21,4.11,4.18,1.7,4.23,4.03,3.9,-6.39,2.83,-68.38,-72.88,-62.84,-58.11,0.11,0.11,0.01,0.08,0.1,-0.03,4.03,4.7,3.35,4.08,4.71,3.45,5,TCL科技,,,
365,sz.000157,2023-02-08,2023-02-09,5.73,5.83,1.75,5.75,5.72,,-4.68,28.68,-54.05,-43.48,-37.74,-18.87,0.06,0.07,-0.02,0.06,0.07,-0.02,5.72,5.94,5.51,5.74,5.94,5.53,1,中联重科,,,
366,sz.000157,2023-09-18,2023-09-19,6.83,6.87,0.59,6.87,6.66,6.71,-3.77,0.16,-33.33,-32.39,-26.73,-22.77,0.09,0.07,0.04,0.08,0.07,0.03,6.66,7.3,6.02,6.68,7.31,6.06,1,中联重科,,,
367,sz.000157,2024-10-16,2024-10-21,6.82,6.84,0.29,6.97,6.57,6.56,-7.48,0.06,-61.13,-80.11,-57.85,-57.09,0.19,0.16,0.07,0.15,0.16,-0.02,6.57,7.77,5.37,6.71,7.78,5.64,5,中联重科,,,
368,sz.000166,2023-02-07,2023-02-09,4.18,4.19,0.24,4.21,4.12,,-2.0,0.79,-51.22,-60.61,-45.65,-43.48,0.05,0.05,0.0,0.05,0.05,-0.01,4.12,4.31,3.94,4.14,4.3,3.98,2,申万宏源,,,
369,sz.000166,2024-10-17,2024-10-21,5.1,5.25,2.94,5.21,4.9,4.61,-10.09,0.4,-60.09,-64.32,-58.77,-52.19,0.23,0.23,-0.01,0.21,0.23,-0.03,4.9,6.16,3.64,5.01,6.2,3.82,4,申万宏源,,,
370,sz.000301,2024-03-01,2024-03-06,10.39,10.5,1.06,10.55,10.34,9.72,-12.23,11.44,-42.65,-73.15,-42.65,-37.44,0.23,0.26,-0.06,0.17,0.22,-0.11,10.34,11.23,9.46,10.4,11.24,9.56,5,东方盛虹,,,
371,sz.000301,2024-10-15,2024-10-22,8.04,8.22,2.24,8.32,7.88,7.8,-3.15,23.6,-67.18,-83.97,-66.16,-60.67,0.22,0.2,0.05,0.12,0.16,-0.08,7.88,9.37,6.39,8.07,9.39,6.75,7,东方盛虹,,,
372,sz.000301,2024-11-22,2024-11-27,8.77,9.29,5.93,8.98,8.69,8.15,-1.32,14.57,-70.25,-55.4,-64.64,-45.38,0.25,0.25,-0.01,0.22,0.23,-0.02,8.69,9.75,7.63,8.78,9.85,7.7,5,东方盛虹,,,
376,sz.000408,2025-01-24,2025-01-27,30.15,30.76,2.02,30.78,29.24,28.79,-6.16,5.64,-52.42,-42.58,-48.87,-39.7,0.72,0.63,0.18,0.72,0.65,0.15,29.24,32.38,26.09,29.39,32.52,26.26,3,藏格矿业,,,
377,sz.000408,2025-03-26,2025-03-31,35.7,35.84,0.39,36.05,34.95,31.95,-8.62,0.24,-43.71,-64.67,-34.82,-34.22,1.08,1.21,-0.27,0.87,1.08,-0.41,34.95,38.87,31.03,35.48,38.73,32.23,5,藏格矿业,,,
378,sz.000538,2023-07-24,2023-07-25,53.22,53.84,1.16,53.59,53.07,54.33,-5.56,5.34,-64.86,-50.9,-50.17,-39.37,0.09,0.01,0.16,0.11,0.03,0.17,53.07,54.88,51.27,53.18,54.89,51.47,1,云南白药,,,
380,sz.000538,2024-10-17,2024-10-21,55.3,57.3,3.62,56.67,54.72,53.41,-9.76,12.83,-68.8,-64.05,-68.21,-56.65,1.14,1.16,-0.05,1.06,1.13,-0.13,54.72,62.47,46.97,55.26,62.77,47.75,4,云南白药,,,
381,sz.000568,2023-08-07,2023-08-10,235.21,237.0,0.76,237.6,230.58,220.27,-0.72,3.03,-54.27,-52.71,-40.25,-39.87,5.36,5.06,0.59,4.53,4.9,-0.74,230.58,249.8,211.36,233.41,248.55,218.27,3,泸州老窖,,,
382,sz.000568,2024-03-08,2024-03-11,165.83,172.9,4.26,168.98,163.14,164.7,-5.05,32.76,-44.05,-17.71,-31.13,-12.27,2.74,2.25,0.96,2.96,2.4,1.13,163.14,182.47,143.82,164.58,182.17,146.99,3,泸州老窖,,,
383,sz.000568,2024-10-17,2024-10-21,131.19,134.21,2.3,136.63,123.99,124.39,-11.5,2.85,-52.89,-58.34,-50.92,-46.33,5.97,5.11,1.73,5.25,5.22,0.05,123.99,163.76,84.22,127.03,164.8,89.26,4,泸州老窖,,,
385,sz.000596,2024-10-17,2024-10-21,184.15,190.45,3.42,189.96,172.55,177.18,-5.41,4.58,-49.76,-45.9,-46.92,-39.37,7.01,5.27,3.48,6.51,5.74,1.52,172.55,224.7,120.4,176.53,226.98,126.08,4,古井贡酒,,,
386,sz.000625,2023-02-10,2023-02-14,13.67,13.84,1.24,13.82,13.6,,-6.95,4.33,-64.13,-54.89,-41.11,-35.19,0.34,0.38,-0.08,0.29,0.35,-0.12,13.6,14.71,12.5,13.69,14.66,12.72,4,长安汽车,,,
387,sz.000625,2023-05-19,2023-05-22,11.85,12.21,3.04,12.06,11.83,12.16,-4.03,14.8,-61.17,-57.25,-54.25,-37.26,0.04,0.02,0.04,0.06,0.03,0.05,11.83,12.71,10.94,11.84,12.74,10.94,3,长安汽车,,,
388,sz.000625,2023-10-24,2023-10-25,13.94,14.53,4.23,14.27,13.91,13.89,-6.57,21.93,-59.54,-39.92,-53.79,-33.45,0.26,0.29,-0.07,0.26,0.28,-0.04,13.91,15.63,12.19,13.98,15.68,12.29,1,长安汽车,,,
389,sz.000625,2023-12-08,2023-12-11,18.34,18.99,3.54,18.97,18.11,15.56,-12.22,0.74,-57.61,-45.69,-47.08,-37.56,0.97,1.08,-0.24,0.91,1.05,-0.28,18.11,21.58,14.64,18.28,21.55,15.02,3,长安汽车,,,
390,sz.000625,2024-10-16,2024-10-21,12.95,13.18,1.78,13.24,12.82,13.18,-10.1,5.69,-75.22,-79.65,-69.11,-65.36,0.25,0.24,0.03,0.19,0.22,-0.06,12.82,14.88,10.76,13.01,14.9,11.11,5,长安汽车,,,
391,sz.000625,2025-02-20,2025-02-24,13.28,13.33,0.38,13.4,13.14,13.49,-6.35,8.35,-62.01,-64.62,-57.96,-55.92,0.07,0.04,0.07,0.06,0.05,0.03,13.14,14.1,12.18,13.19,14.13,12.25,4,长安汽车,,,
392,sz.000630,2024-10-16,2024-10-21,3.47,3.52,1.44,3.53,3.32,3.18,-5.26,10.9,-65.55,-73.74,-56.12,-52.52,0.13,0.12,0.02,0.1,0.11,-0.02,3.32,3.95,2.7,3.41,3.92,2.9,5,铜陵有色,,,
395,sz.000651,2024-05-21,2024-05-27,41.8,41.92,0.29,42.21,41.5,39.91,-5.28,23.33,-42.92,-65.19,-31.82,-33.87,0.79,0.9,-0.23,0.46,0.68,-0.45,41.5,44.72,38.29,41.92,44.32,39.52,6,格力电器,,,
396,sz.000651,2024-10-21,2024-10-22,47.0,47.78,1.66,47.39,45.4,41.8,-1.37,14.42,-53.15,-48.15,-39.65,-34.26,1.86,1.96,-0.19,1.79,1.92,-0.27,45.4,52.87,37.94,45.83,52.77,38.89,1,格力电器,,,
397,sz.000661,2024-10-17,2024-10-21,98.09,103.52,5.54,101.12,94.17,89.49,-13.75,1.73,-60.08,-53.28,-57.35,-46.11,5.18,5.14,0.09,4.85,5.06,-0.4,94.17,122.34,66.01,96.49,123.3,69.68,4,长春高新,,,
400,sz.000725,2024-10-17,2024-10-21,4.09,4.23,3.42,4.16,4.03,3.91,-12.68,9.22,-70.94,-64.49,-62.41,-51.88,0.1,0.1,-0.01,0.09,0.1,-0.02,4.03,4.64,3.43,4.08,4.65,3.51,4,京东方A,,,
401,sz.000768,2023-07-14,2023-07-18,25.85,26.1,0.97,26.03,25.32,25.12,-10.39,15.83,-37.1,-39.13,-26.5,-20.74,0.41,0.37,0.08,0.38,0.37,0.01,25.32,27.66,22.97,25.56,27.61,23.5,4,中航西飞,,,
402,sz.000776,2024-10-17,2024-10-18,15.42,16.23,5.25,15.62,14.42,12.85,-3.35,6.36,-50.48,-38.79,-44.92,-36.29,0.96,0.95,0.01,0.96,0.95,0.0,14.42,18.34,10.5,14.62,18.48,10.75,1,广发证券,,,
406,sz.000786,2025-01-10,2025-01-14,30.47,30.98,1.67,30.92,29.99,30.04,-0.79,9.63,-56.95,-61.46,-52.7,-43.83,0.52,0.47,0.1,0.46,0.46,-0.01,29.99,32.74,27.24,30.17,32.84,27.5,4,北新建材,,,
409,sz.000792,2024-10-17,2024-10-21,16.83,17.22,2.32,17.21,16.3,15.25,-6.76,6.91,-59.23,-63.02,-55.89,-50.8,0.69,0.68,0.03,0.62,0.66,-0.08,16.3,19.21,13.38,16.52,19.34,13.69,4,盐湖股份,,,
410,sz.000800,2024-03-14,2024-03-15,8.62,8.81,2.2,8.66,8.56,8.35,-2.26,9.31,-72.8,-57.6,-38.89,-30.77,0.13,0.14,-0.0,0.14,0.14,0.0,8.56,9.1,8.02,8.59,9.11,8.07,1,一汽解放,,,
413,sz.000807,2023-08-11,2023-08-14,14.48,14.5,0.14,14.83,14.28,13.3,-4.31,1.27,-50.52,-71.64,-31.82,-31.17,0.45,0.47,-0.04,0.4,0.46,-0.1,14.28,15.87,12.7,14.37,15.79,12.95,3,云铝股份,,,
414,sz.000807,2024-12-23,2024-12-24,14.17,14.34,1.2,14.3,14.11,14.44,-2.27,9.27,-66.67,-56.85,-55.4,-42.56,0.03,0.02,0.02,0.03,0.02,0.02,14.11,15.08,13.15,14.16,15.08,13.24,1,云铝股份,,,
416,sz.000858,2023-11-13,2023-11-14,154.88,155.9,0.66,157.65,153.35,158.11,-5.73,4.69,-60.99,-58.42,-48.48,-44.49,0.61,0.02,1.18,0.52,0.12,0.79,153.35,165.24,141.46,153.63,165.49,141.77,1,五粮液,,,
417,sz.000858,2024-03-07,2024-03-11,138.25,141.16,2.1,140.36,136.74,134.0,-5.42,33.82,-50.55,-23.95,-26.06,-12.35,2.27,2.22,0.11,2.07,2.16,-0.18,136.74,148.07,125.41,138.2,146.38,130.02,4,五粮液,,,
418,sz.000858,2024-05-15,2024-05-16,151.37,154.05,1.77,152.62,149.92,147.2,-1.09,22.09,-48.47,-34.71,-38.86,-23.43,1.46,1.46,-0.01,1.53,1.48,0.1,149.92,158.03,141.82,150.26,158.47,142.05,1,五粮液,,,
419,sz.000858,2024-10-17,2024-10-21,137.95,143.01,3.67,144.6,132.67,126.68,-13.62,6.6,-59.7,-62.85,-56.34,-49.36,6.82,6.58,0.48,6.05,6.45,-0.79,132.67,171.06,94.29,135.51,172.22,98.79,4,五粮液,,,
421,sz.000876,2024-10-17,2024-10-21,9.19,9.35,1.74,9.47,9.12,9.22,-11.09,4.88,-68.9,-73.17,-68.69,-63.83,0.16,0.15,0.03,0.13,0.14,-0.03,9.12,10.56,7.67,9.2,10.59,7.82,4,新希望,,,
422,sz.000876,2025-03-04,2025-03-07,9.66,9.79,1.35,9.67,9.4,9.17,-2.19,34.36,-57.14,-70.12,-51.61,-46.37,0.23,0.24,-0.01,0.2,0.22,-0.05,9.4,10.62,8.18,9.56,10.58,8.54,3,新希望,,,
424,sz.000895,2023-04-14,2023-04-17,25.7,26.02,1.25,25.82,25.64,25.82,-3.2,22.21,-60.98,-37.72,-47.92,-24.57,0.03,0.02,0.03,0.04,0.02,0.04,25.64,26.41,24.87,25.68,26.44,24.92,3,双汇发展,,,
425,sz.000895,2024-10-16,2024-10-22,24.88,24.9,0.08,24.94,24.39,23.65,-5.68,22.27,-73.49,-80.27,-66.48,-66.2,0.46,0.48,-0.05,0.31,0.4,-0.19,24.39,26.88,21.89,24.72,26.79,22.65,6,双汇发展,,,
427,sz.000963,2024-10-17,2024-10-21,32.12,32.94,2.55,33.02,31.03,29.74,-7.24,3.71,-58.73,-58.69,-55.21,-48.09,1.17,1.1,0.13,1.06,1.1,-0.07,31.03,37.03,25.03,31.52,37.25,25.79,4,华东医药,,,
428,sz.000975,2023-03-28,2023-03-31,12.94,13.17,1.78,13.17,12.73,,-2.69,27.09,-50.79,-55.85,-45.71,-37.5,0.32,0.33,-0.02,0.23,0.29,-0.12,12.73,14.25,11.21,12.92,14.11,11.72,3,山金国际,,,
429,sz.000975,2023-12-12,2023-12-14,14.44,14.63,1.32,14.61,14.37,14.09,-1.35,6.18,-65.06,-56.69,-33.64,-27.73,0.25,0.25,0.0,0.22,0.24,-0.05,14.37,15.29,13.45,14.47,15.14,13.81,2,山金国际,,,
430,sz.000977,2024-03-14,2024-03-15,39.3,39.98,1.73,40.81,37.87,33.62,-1.48,0.95,-48.61,-44.31,-28.6,-24.77,2.35,2.38,-0.07,2.2,2.35,-0.29,37.87,45.69,30.06,38.35,45.37,31.34,1,浪潮信息,,,
432,sz.000983,2024-10-16,2024-10-21,8.51,8.58,0.82,8.68,8.15,8.07,-4.58,11.15,-64.31,-74.81,-58.14,-56.1,0.25,0.2,0.09,0.2,0.21,-0.02,8.15,9.69,6.6,8.34,9.67,7.01,5,山西焦煤,,,
433,sz.000999,2024-10-17,2024-10-21,44.55,46.88,5.23,46.2,42.81,43.01,-0.62,6.39,-53.58,-42.89,-49.05,-34.76,1.22,0.99,0.45,1.15,1.04,0.21,42.81,52.91,32.72,43.64,53.34,33.95,4,华润三九,,,
434,sz.001289,2024-10-17,2024-10-21,15.15,15.37,1.45,15.46,14.97,16.0,-12.06,3.64,-69.04,-75.49,-65.22,-60.87,0.07,-0.0,0.15,0.06,0.02,0.07,14.97,17.16,12.78,15.13,17.19,13.06,4,龙源电力,,,
435,sz.001979,2023-08-10,2023-08-14,13.62,13.72,0.73,13.88,13.33,13.06,-8.27,8.03,-51.25,-67.34,-43.9,-40.85,0.29,0.27,0.03,0.24,0.26,-0.05,13.33,14.99,11.66,13.49,14.89,12.08,4,招商蛇口,,,
440,sz.002001,2024-10-28,2024-11-01,22.92,23.31,1.7,23.7,22.76,20.77,-0.78,9.21,-66.67,-68.15,-32.0,-26.7,0.91,1.01,-0.2,0.61,0.81,-0.41,22.76,25.83,19.69,23.34,24.5,22.18,4,新和成,,,
442,sz.002007,2024-03-08,2024-03-11,19.35,19.99,3.31,19.59,19.22,20.31,-0.59,41.49,-65.52,-24.8,-25.07,-8.18,0.02,-0.05,0.15,0.06,-0.03,0.18,19.22,20.51,17.94,19.34,20.43,18.25,3,华兰生物,,,
443,sz.002007,2024-07-26,2024-07-31,16.29,16.49,1.23,16.48,16.07,17.51,-2.24,24.27,-38.63,-43.21,-38.63,-30.04,-0.08,-0.18,0.2,-0.12,-0.15,0.06,16.07,17.46,14.67,16.14,17.47,14.81,5,华兰生物,,,
444,sz.002007,2024-10-16,2024-10-21,15.89,16.18,1.83,16.25,15.51,15.69,-5.21,2.14,-66.73,-70.68,-63.71,-58.86,0.35,0.31,0.09,0.27,0.3,-0.05,15.51,18.32,12.7,15.74,18.43,13.05,5,华兰生物,,,
447,sz.002028,2024-05-22,2024-05-24,68.61,70.53,2.8,70.41,68.56,62.99,-1.51,22.44,-60.14,-62.83,-44.77,-38.47,1.99,2.35,-0.72,1.7,2.13,-0.86,68.56,74.96,62.16,69.09,74.84,63.35,2,思源电气,,,
451,sz.002049,2024-03-14,2024-03-15,68.72,69.32,0.87,70.62,66.19,62.08,-1.31,1.1,-46.83,-45.32,-28.48,-26.57,3.3,3.2,0.21,3.07,3.17,-0.21,66.19,80.32,52.06,66.9,80.07,53.74,1,紫光国微,,,
452,sz.002049,2025-03-19,2025-03-25,67.91,68.39,0.71,68.94,67.38,64.33,-12.81,35.42,-42.92,-54.62,-42.92,-38.87,1.53,1.63,-0.21,0.86,1.27,-0.83,67.38,73.31,61.44,67.87,73.31,62.43,6,紫光国微,,,
454,sz.002050,2024-10-17,2024-10-18,21.08,22.45,6.5,21.41,20.35,18.32,-6.34,8.74,-59.09,-44.18,-55.07,-41.18,1.12,1.21,-0.19,1.12,1.19,-0.15,20.35,25.57,15.13,20.56,25.76,15.37,1,三花智控,,,
455,sz.002074,2024-05-31,2024-06-04,20.3,20.69,1.92,20.68,20.1,19.86,-6.45,15.09,-54.73,-45.02,-42.47,-34.94,0.39,0.37,0.03,0.34,0.36,-0.04,20.1,22.29,17.91,20.22,22.36,18.08,4,国轩高科,,,
456,sz.002074,2024-10-17,2024-10-21,20.69,22.16,7.1,21.3,20.39,19.28,-9.27,12.62,-62.93,-49.32,-62.27,-42.88,0.77,0.82,-0.09,0.77,0.8,-0.06,20.39,24.65,16.13,20.69,24.91,16.46,4,国轩高科,,,
457,sz.002074,2025-03-10,2025-03-11,23.11,23.16,0.22,23.31,22.9,21.88,-2.12,1.48,-62.31,-63.53,-40.83,-39.61,0.45,0.49,-0.07,0.42,0.47,-0.11,22.9,24.12,21.67,22.97,24.08,21.86,1,国轩高科,,,
458,sz.002129,2024-10-16,2024-10-21,9.04,9.81,8.52,9.4,8.75,8.36,-2.14,24.51,-59.45,-51.62,-59.45,-40.05,0.4,0.38,0.04,0.34,0.36,-0.03,8.75,10.92,6.58,8.97,11.04,6.9,5,TCL中环,,,
460,sz.002179,2024-06-24,2024-06-26,37.33,37.43,0.27,37.77,36.99,35.34,-0.98,8.52,-51.01,-65.96,-44.25,-42.3,0.66,0.74,-0.18,0.51,0.67,-0.31,36.99,40.01,33.97,37.2,39.94,34.45,2,中航光电,,,
463,sz.002180,2024-10-17,2024-10-21,27.59,28.6,3.66,28.72,26.95,25.73,-10.47,2.75,-58.52,-56.0,-51.61,-42.58,1.23,1.24,-0.03,1.11,1.21,-0.2,26.95,33.41,20.48,27.43,33.62,21.24,4,纳思达,,,
465,sz.002236,2024-10-17,2024-10-21,15.91,16.89,6.16,16.06,15.28,14.41,-7.4,28.24,-60.24,-46.28,-53.44,-36.16,0.64,0.63,0.0,0.65,0.64,0.03,15.28,18.2,12.37,15.59,18.36,12.82,4,大华股份,,,
466,sz.002241,2024-07-25,2024-07-29,21.5,21.51,0.05,22.23,21.28,18.53,-1.12,0.71,-55.19,-72.81,-38.82,-38.66,1.03,1.16,-0.26,0.84,1.06,-0.44,21.28,24.16,18.4,21.48,24.12,18.83,4,歌尔股份,,,
467,sz.002241,2025-02-18,2025-02-19,27.7,28.54,3.03,28.28,27.41,26.28,-9.0,10.07,-64.63,-43.26,-37.85,-25.34,0.67,0.72,-0.09,0.66,0.71,-0.09,27.41,30.73,24.09,27.57,30.77,24.37,1,歌尔股份,,,
470,sz.002252,2023-12-15,2023-12-19,7.98,8.12,1.75,8.28,7.92,7.27,-1.85,5.73,-53.44,-51.85,-42.17,-33.73,0.28,0.29,-0.03,0.24,0.27,-0.08,7.92,8.71,7.14,7.99,8.71,7.27,4,上海莱士,,,
474,sz.002304,2024-10-16,2024-10-21,83.72,85.19,1.76,85.99,81.72,80.04,-7.85,4.7,-69.32,-76.09,-67.56,-63.63,2.6,2.54,0.12,1.88,2.27,-0.79,81.72,98.97,64.46,83.28,99.16,67.41,5,洋河股份,,,
475,sz.002311,2024-03-06,2024-03-07,42.15,42.85,1.66,42.69,41.62,41.81,-9.29,16.01,-49.24,-40.45,-27.67,-17.81,0.48,0.42,0.13,0.48,0.43,0.1,41.62,45.51,37.73,41.87,45.36,38.39,1,海大集团,,,
476,sz.002311,2024-05-24,2024-05-27,51.82,52.94,2.16,52.52,51.56,46.73,-1.28,32.5,-54.08,-36.87,-24.42,-14.36,1.53,1.79,-0.52,1.49,1.73,-0.48,51.56,54.45,48.66,51.74,54.48,49.01,3,海大集团,,,
477,sz.002311,2024-10-17,2024-10-21,40.99,44.66,8.95,42.67,40.25,40.48,-13.35,34.45,-65.65,-51.07,-63.26,-43.6,1.23,1.15,0.17,1.28,1.18,0.2,40.25,49.48,31.03,41.02,50.0,32.03,4,海大集团,,,
479,sz.002352,2024-05-16,2024-05-17,36.38,37.96,4.34,37.07,36.19,37.05,-0.51,56.35,-50.0,-1.31,-36.72,-0.96,0.23,0.13,0.2,0.31,0.17,0.29,36.19,38.38,34.0,36.38,38.49,34.27,1,顺丰控股,,,
481,sz.002415,2024-03-07,2024-03-11,33.95,34.2,0.74,34.91,33.85,32.84,-4.52,1.32,-81.2,-75.58,-40.83,-37.25,0.67,0.68,-0.01,0.53,0.63,-0.21,33.85,36.5,31.2,34.11,36.19,32.03,4,海康威视,,,
482,sz.002415,2024-10-16,2024-10-21,28.28,30.73,8.66,29.8,28.03,27.81,-4.65,27.23,-68.37,-53.58,-66.98,-44.31,0.9,0.82,0.16,0.73,0.76,-0.06,28.03,33.64,22.41,28.56,33.88,23.24,5,海康威视,,,
483,sz.002422,2023-02-17,2023-02-20,28.85,29.32,1.63,29.35,28.63,,-4.07,13.28,-49.31,-38.48,-45.73,-38.48,0.54,0.6,-0.11,0.52,0.58,-0.12,28.63,30.82,26.44,28.72,30.86,26.58,3,科伦药业,,,
484,sz.002460,2024-10-17,2024-10-21,29.96,31.62,5.54,30.93,29.62,27.86,-13.47,3.17,-62.88,-59.04,-61.14,-48.39,1.22,1.32,-0.2,1.11,1.25,-0.28,29.62,36.79,22.44,30.0,37.08,22.92,4,赣锋锂业,,,
486,sz.002466,2024-10-17,2024-10-21,31.78,33.92,6.73,32.82,30.39,28.23,-8.9,10.29,-53.22,-49.06,-52.68,-38.88,1.77,1.72,0.09,1.71,1.72,-0.02,30.39,38.98,21.81,31.0,39.56,22.45,4,天齐锂业,,,
487,sz.002475,2024-05-29,2024-05-30,31.18,32.26,3.46,31.64,31.0,29.26,-0.45,35.37,-47.52,-20.0,-25.71,-10.45,0.75,0.81,-0.12,0.76,0.8,-0.07,31.0,33.03,28.98,31.12,33.15,29.1,1,立讯精密,,,
488,sz.002493,2023-04-14,2023-04-17,14.48,14.76,1.93,14.82,13.81,13.27,-2.7,5.58,-37.62,-68.89,-32.48,-26.5,0.55,0.52,0.07,0.53,0.52,0.02,13.81,16.95,10.67,13.97,16.94,11.0,3,荣盛石化,,,
490,sz.002493,2024-10-16,2024-10-21,9.04,9.12,0.88,9.38,9.04,8.95,-12.55,6.52,-77.3,-86.31,-69.32,-66.96,0.2,0.2,-0.01,0.11,0.16,-0.12,9.04,10.48,7.6,9.15,10.45,7.85,5,荣盛石化,,,
492,sz.002555,2025-02-20,2025-02-21,15.81,16.41,3.8,16.14,15.54,15.89,-4.2,23.14,-51.53,-27.36,-39.86,-19.59,0.2,0.12,0.15,0.22,0.14,0.16,15.54,16.82,14.26,15.62,16.91,14.33,1,三七互娱,,,
493,sz.002555,2025-02-26,2025-02-27,15.82,15.88,0.38,16.0,15.79,15.88,-0.44,5.2,-87.31,-78.17,-39.53,-37.5,0.17,0.17,-0.0,0.15,0.16,-0.03,15.79,16.9,14.67,15.84,16.83,14.86,1,三七互娱,,,
495,sz.002594,2024-05-16,2024-05-20,218.31,222.87,2.09,223.17,218.2,207.33,-4.85,21.75,-49.76,-41.47,-48.86,-32.57,3.79,4.28,-0.99,3.23,3.92,-1.38,218.2,234.07,202.33,219.09,234.54,203.64,4,比亚迪,,,
496,sz.002594,2024-10-17,2024-10-18,289.42,300.3,3.76,296.85,280.06,255.26,-2.14,3.39,-53.26,-41.35,-48.24,-38.65,13.5,13.74,-0.47,13.19,13.63,-0.89,280.06,329.98,230.14,282.17,331.75,232.59,1,比亚迪,,,
498,sz.002601,2023-08-07,2023-08-08,18.08,18.19,0.61,18.37,17.77,16.95,-0.34,1.12,-52.48,-50.43,-36.18,-33.05,0.44,0.43,0.02,0.41,0.43,-0.03,17.77,19.28,16.26,17.84,19.29,16.38,1,龙佰集团,,,
500,sz.002601,2023-09-14,2023-09-19,18.41,18.54,0.71,18.45,18.06,17.58,-1.26,32.89,-52.6,-61.54,-37.97,-33.08,0.25,0.25,-0.0,0.2,0.23,-0.06,18.06,19.53,16.58,18.25,19.45,17.06,5,龙佰集团,,,
501,sz.002601,2024-10-16,2024-10-21,18.87,18.9,0.16,19.21,18.1,17.03,-5.96,6.76,-61.71,-71.04,-52.72,-54.26,0.8,0.78,0.04,0.6,0.71,-0.22,18.1,21.6,14.6,18.5,21.52,15.48,5,龙佰集团,,,
502,sz.002648,2024-10-17,2024-10-21,17.79,18.29,2.81,18.25,16.87,16.51,-1.93,14.53,-48.16,-51.25,-46.69,-38.2,0.67,0.55,0.24,0.64,0.58,0.11,16.87,20.08,13.65,17.18,20.24,14.13,4,卫星化学,,,
503,sz.002709,2024-03-08,2024-03-11,19.34,21.27,9.98,19.83,19.06,21.37,-3.33,59.74,-60.12,-0.94,-50.08,-15.45,-0.26,-0.45,0.38,-0.11,-0.38,0.54,19.06,21.24,16.87,19.24,21.52,16.97,3,天赐材料,,,
504,sz.002709,2024-10-16,2024-10-21,15.88,16.69,5.1,16.61,15.51,15.01,-1.02,4.04,-59.79,-59.84,-59.79,-49.0,0.67,0.64,0.07,0.53,0.59,-0.12,15.51,19.72,11.3,15.81,19.9,11.72,5,天赐材料,,,
506,sz.002714,2024-10-17,2024-10-21,41.24,43.22,4.8,42.13,40.25,41.27,-12.83,27.6,-61.04,-60.19,-60.53,-47.97,0.78,0.6,0.34,0.82,0.67,0.29,40.25,46.72,33.79,40.73,47.15,34.31,4,牧原股份,,,
507,sz.002736,2023-02-08,2023-02-09,9.37,9.52,1.6,9.51,9.34,,-11.11,2.99,-62.2,-49.32,-43.97,-31.03,0.15,0.16,-0.02,0.14,0.15,-0.02,9.34,9.81,8.87,9.36,9.81,8.92,1,国信证券,,,
508,sz.002736,2023-08-14,2023-08-15,9.71,9.87,1.65,10.02,9.64,9.24,-1.24,0.57,-70.41,-61.31,-56.67,-49.52,0.25,0.25,0.0,0.23,0.25,-0.03,9.64,10.59,8.68,9.68,10.59,8.76,1,国信证券,,,
509,sz.002736,2024-03-08,2024-03-11,8.47,8.55,0.94,8.53,8.36,8.39,-0.21,17.07,-43.33,-32.73,-19.85,-13.74,0.08,0.07,0.02,0.08,0.07,0.02,8.36,8.92,7.79,8.39,8.91,7.88,3,国信证券,,,
510,sz.002812,2024-10-17,2024-10-21,31.09,32.67,5.08,32.35,29.73,28.59,-6.12,3.56,-53.03,-50.13,-52.95,-41.84,1.55,1.44,0.21,1.42,1.44,-0.04,29.73,38.37,21.09,30.32,38.79,21.85,4,恩捷股份,,,
513,sz.002916,2025-01-06,2025-01-07,117.68,125.27,6.45,122.51,114.26,108.08,-10.33,19.85,-49.18,-31.88,-42.13,-22.26,5.09,5.06,0.06,5.17,5.08,0.18,114.26,136.2,92.32,115.57,136.8,94.33,1,深南电路,,,
514,sz.002920,2023-04-13,2023-04-17,108.91,116.2,6.69,113.43,107.84,115.8,-4.65,16.91,-72.69,-54.68,-53.76,-32.45,0.65,-0.08,1.47,0.87,0.2,1.34,107.84,121.18,94.5,109.49,120.84,98.14,4,德赛西威,,,
515,sz.002920,2024-10-17,2024-10-18,111.33,118.63,6.56,114.04,106.7,96.41,-4.16,6.7,-61.14,-46.46,-55.01,-41.0,6.23,6.42,-0.38,6.23,6.38,-0.31,106.7,134.26,79.13,107.99,135.23,80.76,1,德赛西威,,,
516,sz.002938,2023-02-08,2023-02-09,28.71,29.84,3.94,29.01,28.46,,-4.24,53.71,-52.52,-5.56,-32.38,-3.11,0.32,0.31,0.01,0.37,0.32,0.1,28.46,30.17,26.75,28.6,30.27,26.93,1,鹏鼎控股,,,
517,sz.003816,2024-10-16,2024-10-18,4.19,4.25,1.43,4.25,4.16,4.6,-3.07,3.37,-71.57,-74.44,-69.52,-63.81,-0.06,-0.09,0.05,-0.05,-0.08,0.05,4.16,4.51,3.81,4.18,4.52,3.84,2,中国广核,,,
518,sz.300014,2024-05-16,2024-05-17,37.6,38.07,1.25,37.91,36.95,38.3,-0.66,7.92,-40.24,-40.77,-50.92,-45.17,-0.04,-0.19,0.29,-0.01,-0.15,0.28,36.95,40.01,33.88,37.06,40.11,34.02,1,亿纬锂能,,,
519,sz.300014,2024-10-17,2024-10-21,42.28,45.84,8.42,44.51,40.01,37.35,-4.27,8.15,-59.69,-49.8,-58.47,-45.67,2.93,2.81,0.24,2.83,2.83,0.0,40.01,56.05,23.96,41.2,56.96,25.43,4,亿纬锂能,,,
521,sz.300015,2024-05-15,2024-05-17,12.61,12.89,2.22,12.8,12.6,13.35,-1.9,21.16,-50.91,-35.9,-50.91,-33.94,-0.04,-0.09,0.1,-0.04,-0.07,0.07,12.6,13.44,11.77,12.65,13.46,11.83,2,爱尔眼科,,,
522,sz.300015,2024-10-17,2024-10-18,14.0,15.0,7.14,14.04,12.41,10.95,-1.68,5.72,-53.52,-43.01,-51.47,-41.35,1.2,1.15,0.1,1.21,1.16,0.1,12.41,18.2,6.62,12.69,18.41,6.96,1,爱尔眼科,,,
523,sz.300033,2023-08-14,2023-08-15,181.15,185.0,2.13,184.49,178.69,174.64,-1.42,7.28,-64.28,-56.7,-56.05,-49.44,3.81,3.8,0.03,3.63,3.76,-0.27,178.69,204.67,152.71,179.62,205.07,154.17,1,同花顺,,,
524,sz.300033,2023-11-22,2023-12-01,147.0,147.01,0.01,149.43,146.5,151.31,-4.77,33.6,-50.56,-58.12,-46.02,-45.98,0.51,0.09,0.84,-1.41,-0.98,-0.85,146.5,157.89,135.11,147.53,156.33,138.74,9,同花顺,,,
525,sz.300033,2023-12-21,2023-12-28,152.83,156.78,2.58,155.76,152.37,148.9,-2.88,46.26,-65.12,-45.26,-53.42,-39.85,2.24,2.59,-0.69,0.15,1.1,-1.91,152.37,168.19,136.55,154.36,165.73,143.0,7,同花顺,,,
526,sz.300059,2024-03-07,2024-03-11,13.57,13.79,1.62,13.79,13.44,13.48,-4.2,11.67,-59.4,-47.9,-31.23,-22.53,0.17,0.14,0.05,0.15,0.14,0.0,13.44,14.43,12.46,13.56,14.35,12.76,4,东方财富,,,
527,sz.300122,2023-10-23,2023-10-24,55.24,55.79,1.0,56.29,52.96,47.99,-3.49,2.14,-42.22,-37.76,-33.63,-30.08,2.65,2.66,-0.02,2.5,2.63,-0.25,52.96,62.25,43.67,53.42,62.28,44.56,1,智飞生物,,,
528,sz.300122,2024-10-17,2024-10-18,29.94,32.52,8.62,30.67,27.07,25.55,-1.3,6.92,-53.19,-40.3,-52.32,-39.45,2.26,2.07,0.37,2.29,2.12,0.35,27.07,39.59,14.56,27.63,40.07,15.19,1,智飞生物,,,
529,sz.300124,2024-10-17,2024-10-21,55.1,58.0,5.26,57.01,52.77,47.05,-11.8,2.89,-62.67,-62.46,-59.19,-50.54,3.76,3.91,-0.31,3.47,3.78,-0.63,52.77,71.0,34.54,54.26,71.54,36.97,4,汇川技术,,,
532,sz.300274,2024-03-25,2024-03-26,102.6,103.45,0.83,104.0,98.57,89.33,-3.08,1.84,-43.7,-43.41,-32.38,-29.67,4.79,4.99,-0.41,4.52,4.9,-0.76,98.57,116.16,80.97,99.54,115.85,83.22,1,阳光电源,,,
533,sz.300274,2024-03-27,2024-03-28,102.08,103.2,1.1,103.0,100.4,90.0,-4.6,3.05,-54.85,-82.71,-34.03,-30.47,4.15,4.75,-1.2,3.9,4.58,-1.36,100.4,115.21,85.59,101.2,114.67,87.72,1,阳光电源,,,
534,sz.300274,2024-07-30,2024-07-31,68.05,68.83,1.15,69.82,65.97,81.57,-4.58,1.32,-39.39,-44.83,-37.56,-33.39,-0.78,-1.94,2.3,-0.74,-1.7,1.91,65.97,77.61,54.33,66.41,77.77,55.05,1,阳光电源,,,
535,sz.300274,2024-08-01,2024-08-06,67.9,70.88,4.39,68.76,66.85,80.32,-1.68,46.56,-52.76,-46.3,-38.36,-22.42,-0.77,-1.51,1.48,-0.66,-1.17,1.02,66.85,77.69,56.01,68.21,76.84,59.57,5,阳光电源,,,
536,sz.300308,2023-02-23,2023-02-24,33.5,34.87,4.09,33.69,32.91,,-6.46,21.73,-61.12,-43.41,-36.82,-21.9,1.27,1.45,-0.36,1.27,1.41,-0.29,32.91,37.62,28.2,33.21,37.61,28.8,1,中际旭创,,,
538,sz.300347,2023-11-16,2023-11-20,66.95,68.34,2.08,68.66,66.38,65.55,-1.26,5.41,-48.26,-56.86,-36.17,-28.12,0.95,0.91,0.08,0.78,0.87,-0.17,66.38,74.34,58.41,66.71,74.62,58.8,4,泰格医药,,,
539,sz.300347,2024-05-17,2024-05-20,56.99,58.41,2.49,57.77,56.53,51.33,-5.51,8.12,-49.38,-38.37,-42.95,-33.38,1.59,1.96,-0.74,1.52,1.87,-0.71,56.53,64.28,48.78,56.81,64.39,49.24,3,泰格医药,,,
540,sz.300347,2024-10-17,2024-10-21,59.72,65.91,10.37,61.59,57.92,53.67,-11.75,18.35,-67.63,-53.27,-64.93,-47.51,3.16,3.34,-0.36,3.25,3.29,-0.08,57.92,75.02,40.81,59.51,75.93,43.1,4,泰格医药,,,
541,sz.300394,2023-10-16,2023-10-17,83.56,85.88,2.78,85.21,82.32,88.64,-0.2,8.84,-49.81,-44.0,-49.81,-41.22,0.57,0.2,0.73,0.59,0.28,0.62,82.32,97.53,67.11,82.62,97.86,67.37,1,天孚通信,,,
543,sz.300394,2023-12-26,2023-12-28,90.38,91.53,1.27,92.2,90.29,83.72,-1.53,7.13,-65.56,-83.77,-44.74,-41.27,3.37,4.07,-1.38,2.61,3.59,-1.94,90.29,109.6,70.98,92.03,107.42,76.64,2,天孚通信,,,
544,sz.300408,2023-02-06,2023-02-09,32.6,33.02,1.29,33.12,32.4,,-0.06,4.33,-61.75,-56.08,-43.72,-36.87,0.63,0.67,-0.08,0.43,0.57,-0.28,32.4,35.36,29.44,32.74,35.08,30.4,3,三环集团,,,
545,sz.300408,2024-10-17,2024-10-18,34.29,36.25,5.72,34.97,33.0,31.81,-7.7,0.69,-66.69,-53.24,-63.89,-50.83,1.31,1.26,0.09,1.35,1.28,0.13,33.0,39.81,26.2,33.33,40.09,26.58,1,三环集团,,,
546,sz.300413,2023-11-20,2023-11-22,27.71,28.07,1.3,28.13,27.01,27.7,-6.4,6.76,-44.47,-37.6,-38.9,-32.89,0.33,0.19,0.27,0.3,0.23,0.13,27.01,30.41,23.61,27.29,30.45,24.13,2,芒果超媒,,,
547,sz.300413,2024-10-17,2024-10-21,23.19,24.99,7.76,23.47,21.88,20.38,-9.42,22.1,-65.49,-56.35,-62.05,-48.7,1.21,1.2,0.03,1.25,1.21,0.08,21.88,28.26,15.5,22.49,28.64,16.35,4,芒果超媒,,,
548,sz.300418,2023-02-23,2023-03-01,21.32,25.21,18.25,22.96,20.98,,-3.54,54.85,-64.01,-24.14,-42.52,-11.08,1.97,2.13,-0.32,1.59,1.81,-0.44,20.98,27.61,14.36,22.33,26.6,18.06,6,昆仑万维,,,
549,sz.300418,2023-12-20,2023-12-21,37.73,40.7,7.87,39.08,37.47,35.01,-1.09,31.6,-50.14,-35.89,-47.34,-20.61,1.33,1.45,-0.23,1.39,1.44,-0.1,37.47,43.89,31.05,37.78,44.19,31.36,1,昆仑万维,,,
550,sz.300433,2023-09-15,2023-09-22,11.96,12.14,1.51,12.16,11.91,12.03,-10.36,35.38,-38.16,-44.44,-34.94,-24.1,0.07,0.06,0.01,-0.01,0.02,-0.06,11.91,12.9,10.92,12.05,12.73,11.37,7,蓝思科技,,,
552,sz.300442,2024-03-07,2024-03-15,24.85,25.1,1.01,25.99,23.26,23.63,-4.09,17.3,-52.7,-76.23,-32.4,-30.51,1.09,0.85,0.47,0.63,0.79,-0.31,23.26,29.36,17.16,24.93,27.78,22.08,8,润泽科技,,,
553,sz.300450,2023-02-13,2023-02-15,46.23,47.78,3.35,46.52,45.33,,-5.63,43.82,-55.69,-39.08,-35.6,-20.96,1.26,1.32,-0.13,1.2,1.27,-0.14,45.33,49.13,41.53,45.78,49.13,42.43,2,先导智能,,,
554,sz.300450,2024-10-17,2024-10-18,17.15,18.51,7.93,17.73,16.19,15.75,-5.56,1.14,-58.82,-46.68,-58.7,-45.55,0.92,0.84,0.15,0.93,0.86,0.14,16.19,22.11,10.27,16.41,22.34,10.49,1,先导智能,,,
555,sz.300450,2024-11-28,2024-11-29,23.36,23.62,1.11,23.85,23.01,18.62,-0.08,4.31,-63.49,-79.51,-46.38,-43.86,1.37,1.65,-0.57,1.25,1.57,-0.63,23.01,28.32,17.71,23.3,28.04,18.55,1,先导智能,,,
556,sz.300498,2024-05-31,2024-06-03,21.41,21.75,1.59,21.86,21.2,19.67,-1.53,10.63,-57.67,-39.68,-25.41,-17.73,0.63,0.69,-0.11,0.6,0.67,-0.14,21.2,23.15,19.26,21.34,22.99,19.69,3,温氏股份,,,
557,sz.300498,2024-10-16,2024-10-21,17.99,18.87,4.89,18.59,17.42,18.4,-4.17,22.77,-68.8,-66.89,-67.31,-57.29,0.35,0.21,0.28,0.29,0.24,0.11,17.42,20.92,13.93,17.73,21.12,14.35,5,温氏股份,,,
558,sz.300502,2023-02-23,2023-02-24,30.66,31.38,2.35,30.92,29.46,,-2.99,11.03,-49.47,-43.38,-39.49,-32.7,1.5,1.61,-0.2,1.45,1.57,-0.25,29.46,35.21,23.71,29.75,35.26,24.24,1,新易盛,,,
559,sz.300502,2024-05-15,2024-05-16,80.77,82.73,2.43,82.48,78.27,70.96,-1.53,13.14,-39.95,-34.46,-28.82,-22.26,3.51,3.77,-0.52,3.37,3.69,-0.64,78.27,92.82,63.71,78.86,93.11,64.62,1,新易盛,,,
560,sz.300502,2024-06-28,2024-07-01,105.55,110.33,4.53,107.22,102.33,86.45,-6.42,15.64,-47.85,-31.88,-39.19,-25.92,5.73,6.39,-1.33,5.64,6.24,-1.2,102.33,121.13,83.53,103.51,121.12,85.91,3,新易盛,,,
562,sz.300628,2024-10-17,2024-10-21,38.18,40.19,5.26,39.76,38.07,35.02,-2.66,6.21,-74.54,-63.22,-64.99,-54.85,1.64,1.78,-0.28,1.46,1.68,-0.42,38.07,45.45,30.68,38.58,45.63,31.53,4,亿联网络,,,
563,sz.300628,2025-02-14,2025-02-20,41.04,41.08,0.1,41.88,40.69,39.21,-3.62,11.97,-85.44,-77.53,-39.52,-39.01,0.8,0.84,-0.08,0.47,0.67,-0.4,40.69,44.4,36.98,41.38,43.05,39.7,6,亿联网络,,,
564,sz.300661,2023-09-14,2023-09-15,77.02,79.88,3.71,78.53,76.99,82.68,-10.53,12.67,-56.17,-37.54,-61.3,-47.83,-1.03,-1.37,0.68,-0.87,-1.27,0.8,76.99,84.71,69.26,77.27,84.98,69.55,1,圣邦股份,,,
566,sz.300750,2023-02-07,2023-02-09,448.1,452.99,1.09,459.56,441.54,,-2.56,2.09,-69.74,-67.75,-39.01,-34.52,15.29,16.28,-1.99,12.98,15.23,-4.49,441.54,487.14,395.94,446.97,479.36,414.59,2,宁德时代,,,
567,sz.300750,2024-10-17,2024-10-18,231.5,249.89,7.94,239.62,220.07,193.93,-7.61,3.67,-60.34,-45.83,-57.62,-42.48,15.44,15.7,-0.52,15.49,15.66,-0.35,220.07,286.43,153.71,223.24,288.9,157.57,1,宁德时代,,,
570,sz.300759,2024-10-17,2024-10-21,25.51,28.3,10.94,27.12,25.17,22.01,-7.41,8.79,-68.19,-52.35,-63.17,-47.02,1.9,2.07,-0.34,1.78,1.97,-0.38,25.17,34.5,15.83,25.88,34.83,16.94,4,康龙化成,,,
571,sz.300760,2024-02-28,2024-03-01,288.0,290.17,0.75,291.07,286.37,286.03,-6.7,0.68,-44.45,-39.4,-43.82,-38.84,3.18,2.99,0.37,2.61,2.89,-0.56,286.37,309.77,262.97,286.99,310.38,263.6,2,迈瑞医疗,,,
573,sz.300782,2023-02-07,2023-02-09,131.49,133.45,1.49,135.45,129.56,,-0.26,9.86,-58.09,-57.4,-38.22,-32.31,5.05,5.37,-0.64,4.09,4.95,-1.73,129.56,147.55,111.56,131.4,145.46,117.33,2,卓胜微,,,
574,sz.300782,2023-07-25,2023-07-28,114.04,116.66,2.3,116.56,110.54,102.71,-4.49,11.63,-52.21,-50.66,-33.8,-25.48,3.86,3.87,-0.03,3.27,3.64,-0.74,110.54,127.19,93.89,113.28,125.57,100.99,3,卓胜微,,,
575,sz.300782,2023-09-14,2023-09-15,121.21,126.3,4.2,124.75,120.64,116.11,-0.82,27.98,-49.41,-29.47,-47.03,-26.62,2.04,2.14,-0.21,2.11,2.14,-0.05,120.64,133.48,107.8,121.17,134.02,108.33,1,卓胜微,,,
577,sz.300832,2024-12-17,2024-12-24,67.8,71.33,5.21,69.5,66.86,68.92,-5.45,51.05,-50.05,-19.45,-41.94,-12.91,0.61,0.34,0.54,0.21,0.21,0.0,66.86,72.94,60.79,67.99,72.24,63.74,7,新产业,,,
578,sz.300896,2024-10-17,2024-10-18,202.4,220.33,8.86,206.01,181.27,165.86,-3.56,4.45,-54.98,-43.29,-53.58,-41.62,16.81,15.76,2.11,17.07,16.02,2.1,181.27,270.39,92.14,185.34,273.75,96.93,1,爱美客,,,
580,sz.300979,2023-06-29,2023-06-30,45.84,48.74,6.33,46.47,44.95,45.89,-5.06,44.34,-48.54,-23.44,-45.0,-20.42,0.67,0.57,0.2,0.82,0.62,0.4,44.95,51.55,38.36,45.41,51.7,39.12,1,华利集团,,,
583,sz.301269,2023-06-16,2023-06-19,120.78,121.31,0.44,122.15,117.67,119.02,-3.67,2.6,-47.57,-50.67,-36.16,-34.08,2.05,1.81,0.48,1.93,1.83,0.2,117.67,131.09,104.24,118.23,131.23,105.23,3,华大九天,,,
