code,code_name,D1日期,D2日期,D1收盘价,D2收盘价,D1-D2收益率,D1_5日均线,D1_20日均线,D1_60日均线,D1_J值,D2_J值,持仓天数
sh.600000,浦发银行,2024-06-06,2024-06-07,8.25,8.31,0.73,8.3,8.28,7.61,-1.78,7.73,1
sh.600000,浦发银行,2024-06-11,2024-06-12,8.15,8.11,-0.49,8.26,8.3,7.65,-0.2,1.41,1
sh.600000,浦发银行,2024-07-23,2024-07-29,8.59,8.53,-0.7,8.74,8.57,8.27,-5.29,14.22,6
sh.600000,浦发银行,2024-08-29,2024-09-06,8.55,8.43,-1.4,8.83,8.68,8.51,-1.19,16.74,8
sh.600000,浦发银行,2024-10-30,2024-10-31,9.94,9.84,-1.01,10.04,10.14,9.11,-1.59,9.68,1
sh.600000,浦发银行,2024-11-13,2024-11-18,9.63,9.83,2.08,9.87,10.01,9.36,-8.02,18.5,5
sh.600000,浦发银行,2025-02-25,2025-02-26,10.1,10.18,0.79,10.29,10.34,10.05,-4.23,3.84,1
sh.600009,上海机场,2024-10-16,2024-10-21,34.26,34.98,2.1,35.02,33.48,33.72,-7.4,9.74,5
sh.600009,上海机场,2024-11-22,2024-11-27,34.82,34.79,-0.09,35.76,35.82,34.24,-7.5,9.23,5
sh.600010,包钢股份,2024-04-23,2024-04-24,1.59,1.6,0.63,1.62,1.63,1.55,-0.14,8.73,1
sh.600010,包钢股份,2024-10-17,2024-10-21,1.58,1.61,1.9,1.63,1.54,1.47,-7.22,2.9,4
sh.600010,包钢股份,2024-11-18,2024-11-21,1.92,1.92,0.0,1.98,1.89,1.62,-7.03,2.09,3
sh.600010,包钢股份,2024-12-17,2024-12-26,1.95,1.89,-3.08,2.02,1.99,1.82,-6.82,0.18,9
sh.600011,华能国际,2024-04-22,2024-04-24,9.5,9.72,2.32,9.73,9.57,9.08,-1.04,13.89,2
sh.600015,华夏银行,2024-05-06,2024-05-08,6.67,6.67,0.0,6.75,6.69,6.42,-3.23,0.58,2
sh.600015,华夏银行,2024-06-03,2024-06-04,6.81,6.85,0.59,6.9,6.85,6.64,-1.16,6.51,1
sh.600015,华夏银行,2024-06-05,2024-06-07,6.77,6.79,0.3,6.84,6.87,6.65,-4.84,3.12,2
sh.600015,华夏银行,2024-06-11,2024-06-12,6.68,6.66,-0.3,6.76,6.87,6.67,-6.17,7.05,1
sh.600015,华夏银行,2024-10-23,2024-10-29,7.22,7.12,-1.39,7.29,7.13,6.57,-3.09,7.59,6
sh.600015,华夏银行,2025-01-03,2025-01-06,7.66,7.67,0.13,7.89,7.83,7.47,-5.83,1.77,3
sh.600016,民生银行,2024-04-10,2024-04-15,3.97,3.98,0.25,4.01,4.0,3.96,-2.19,24.07,5
sh.600016,民生银行,2024-10-18,2024-10-21,3.91,3.91,0.0,3.92,3.73,3.58,-0.23,15.08,3
sh.600016,民生银行,2024-11-15,2024-11-18,3.77,4.05,7.43,3.83,3.86,3.68,-5.14,42.9,3
sh.600016,民生银行,2025-02-24,2025-02-28,4.12,4.12,0.0,4.16,4.13,4.07,-10.54,0.01,4
sh.600018,上港集团,2024-04-29,2024-05-06,5.6,5.65,0.89,5.64,5.63,5.47,-4.04,6.45,7
sh.600019,宝钢股份,2024-05-07,2024-05-09,6.86,6.95,1.31,6.98,6.96,6.68,-7.66,20.01,2
sh.600019,宝钢股份,2024-11-15,2024-11-18,6.58,6.8,3.34,6.62,6.67,6.3,-4.04,30.13,3
sh.600019,宝钢股份,2024-11-26,2024-11-27,6.52,6.6,1.23,6.63,6.68,6.37,-1.65,14.83,1
sh.600023,浙能电力,2024-04-23,2024-04-24,6.23,6.42,3.05,6.45,6.55,5.88,-2.7,17.8,1
sh.600023,浙能电力,2024-07-17,2024-07-18,6.98,7.09,1.58,7.24,7.29,6.78,-6.11,0.55,1
sh.600025,华能水电,2024-04-25,2024-04-30,9.66,9.56,-1.04,9.73,9.68,9.38,-1.3,5.66,5
sh.600025,华能水电,2024-08-28,2024-09-05,11.62,10.86,-6.54,11.77,11.67,11.35,-1.61,4.07,8
sh.600026,中远海能,2024-04-11,2024-04-12,15.8,16.16,2.28,16.54,15.95,14.32,-2.32,5.72,1
sh.600027,华电国际,2024-04-22,2024-04-29,6.93,6.69,-3.46,7.13,7.01,6.42,-0.24,2.96,7
sh.600027,华电国际,2024-11-18,2024-11-20,5.59,5.59,0.0,5.65,5.67,5.53,-2.49,6.11,2
sh.600028,中国石化,2024-09-04,2024-09-11,6.59,6.3,-4.4,6.78,6.75,6.51,-2.95,4.54,7
sh.600029,南方航空,2024-06-03,2024-06-04,5.83,5.92,1.54,5.89,5.81,5.7,-3.84,12.28,1
sh.600029,南方航空,2024-10-15,2024-10-21,5.76,5.88,2.08,5.84,5.69,5.74,-2.68,17.6,6
sh.600029,南方航空,2024-11-14,2024-11-15,6.05,6.26,3.47,6.15,6.08,5.81,-10.24,22.92,1
sh.600029,南方航空,2024-12-20,2024-12-23,6.67,6.77,1.5,6.77,6.83,6.31,-5.11,1.86,3
sh.600030,中信证券,2024-10-17,2024-10-18,26.16,27.91,6.69,26.98,23.65,20.58,-4.03,2.31,1
sh.600030,中信证券,2024-11-19,2024-11-20,31.3,31.74,1.41,31.74,30.39,24.75,-5.19,0.35,1
sh.600030,中信证券,2024-11-22,2024-11-26,30.33,29.72,-2.01,31.19,30.97,25.37,-4.09,1.06,4
sh.600030,中信证券,2024-12-16,2024-12-19,30.03,30.33,1.0,30.99,30.84,28.53,-7.7,0.19,3
sh.600030,中信证券,2024-12-23,2024-12-24,29.92,30.32,1.34,30.22,30.65,29.45,-2.75,9.47,1
sh.600031,三一重工,2024-05-31,2024-06-06,16.18,16.16,-0.12,16.44,16.85,15.5,-0.6,18.03,6
sh.600031,三一重工,2024-10-17,2024-10-22,17.73,17.8,0.39,18.15,17.2,16.25,-5.25,1.47,5
sh.600031,三一重工,2024-11-18,2024-11-20,17.83,17.85,0.11,18.27,18.19,17.16,-5.01,1.32,2
sh.600031,三一重工,2024-11-21,2024-11-27,17.74,17.36,-2.14,17.91,18.22,17.27,-1.23,9.99,6
sh.600031,三一重工,2025-03-21,2025-03-24,19.59,19.96,1.89,19.96,19.4,17.33,-12.22,5.34,3
sh.600031,三一重工,2025-03-25,2025-03-28,19.56,19.25,-1.58,19.79,19.59,17.45,-8.77,1.41,3
sh.600031,三一重工,2025-04-01,2025-04-02,18.93,19.36,2.27,19.16,19.8,17.67,-1.35,25.61,1
sh.600036,招商银行,2024-05-27,2024-06-04,35.14,34.54,-1.71,35.54,35.32,33.21,-1.19,15.02,8
sh.600036,招商银行,2024-10-31,2024-11-01,37.36,38.01,1.74,38.29,38.54,34.32,-1.51,16.0,1
sh.600036,招商银行,2024-11-20,2024-11-26,37.48,36.39,-2.91,37.8,38.31,35.7,-5.96,8.84,6
sh.600036,招商银行,2025-03-27,2025-04-03,43.26,42.65,-1.41,44.15,43.83,41.51,-1.55,0.64,7
sh.600039,四川路桥,2024-06-25,2024-06-27,7.9,7.91,0.13,8.07,8.07,7.74,-3.99,8.33,2
sh.600039,四川路桥,2024-10-29,2024-10-31,7.47,7.65,2.41,7.55,7.4,6.37,-4.77,13.07,2
sh.600039,四川路桥,2024-11-18,2024-11-19,7.48,7.53,0.67,7.61,7.64,6.7,-7.6,2.31,1
sh.600039,四川路桥,2024-11-22,2024-11-25,7.25,7.35,1.38,7.44,7.6,6.8,-5.19,5.29,3
sh.600039,四川路桥,2024-12-16,2024-12-19,7.38,7.54,2.17,7.52,7.5,7.32,-9.02,19.46,3
sh.600039,四川路桥,2025-03-31,2025-04-01,7.94,8.0,0.76,8.08,7.86,7.36,-2.61,3.86,1
sh.600048,保利发展,2024-05-30,2024-06-04,10.22,10.56,3.33,10.44,10.1,9.31,-7.23,20.88,5
sh.600048,保利发展,2024-11-13,2024-11-21,10.63,10.06,-5.36,11.04,10.87,9.31,-0.38,2.18,8
sh.600048,保利发展,2024-11-22,2024-11-25,9.73,9.74,0.1,10.06,10.66,9.54,-2.17,2.18,3
sh.600050,中国联通,2024-04-11,2024-04-15,4.55,4.73,3.96,4.61,4.65,4.54,-0.62,48.11,4
sh.600050,中国联通,2024-04-30,2024-05-10,4.69,4.67,-0.43,4.72,4.7,4.68,-0.86,16.26,10
sh.600050,中国联通,2024-10-17,2024-10-21,5.07,5.16,1.78,5.15,4.9,4.75,-1.68,7.85,4
sh.600050,中国联通,2024-11-25,2024-11-29,5.11,5.15,0.78,5.33,5.27,5.0,-6.69,1.48,4
sh.600050,中国联通,2025-03-03,2025-03-06,6.22,6.53,4.98,6.42,5.97,5.39,-9.64,26.33,3
sh.600050,中国联通,2025-03-20,2025-03-21,5.71,5.7,-0.18,6.01,6.29,5.59,-1.24,2.73,1
sh.600061,国投资本,2024-10-17,2024-10-22,7.33,7.55,3.0,7.5,6.94,6.15,-9.08,10.42,5
sh.600061,国投资本,2024-11-15,2024-11-19,7.79,7.96,2.18,8.05,7.9,6.88,-7.87,0.04,4
sh.600061,国投资本,2024-12-17,2024-12-20,7.74,7.8,0.78,7.91,7.81,7.66,-4.73,11.58,3
sh.600066,宇通客车,2024-05-17,2024-05-27,25.29,25.17,-0.47,27.59,25.89,21.56,-4.28,5.86,10
sh.600066,宇通客车,2024-10-17,2024-10-21,24.67,24.66,-0.04,25.34,24.19,22.31,-9.96,4.46,4
sh.600066,宇通客车,2024-11-04,2024-11-05,23.82,24.17,1.47,24.49,25.07,22.8,-1.81,9.95,1
sh.600085,同仁堂,2024-05-24,2024-05-29,45.51,45.33,-0.4,45.75,44.88,43.27,-0.72,5.32,5
sh.600085,同仁堂,2024-10-16,2024-10-21,36.02,39.22,8.88,37.29,35.33,35.91,-5.85,28.39,5
sh.600085,同仁堂,2024-11-20,2024-11-26,41.1,39.47,-3.97,41.33,40.91,37.27,-3.07,1.15,6
sh.600085,同仁堂,2024-12-18,2024-12-19,40.0,41.6,4.0,40.55,40.42,39.4,-5.34,56.02,1
sh.600089,特变电工,2024-11-18,2024-11-19,13.84,13.92,0.58,14.2,14.17,13.21,-2.0,3.91,1
sh.600089,特变电工,2024-11-22,2024-11-26,13.53,13.53,0.0,13.84,14.16,13.27,-0.61,3.95,4
sh.600104,上汽集团,2025-01-06,2025-01-08,17.87,17.89,0.11,19.34,18.64,16.46,-9.15,2.92,2
sh.600104,上汽集团,2025-01-09,2025-01-10,17.41,17.63,1.26,17.95,18.65,16.7,-0.68,2.96,1
sh.600111,北方稀土,2024-04-23,2024-04-24,19.05,19.54,2.57,19.92,20.01,19.05,-2.07,18.62,1
sh.600111,北方稀土,2024-10-17,2024-10-21,18.77,19.9,6.02,19.42,18.33,17.41,-9.1,11.81,4
sh.600111,北方稀土,2024-11-15,2024-11-21,23.32,23.26,-0.26,24.8,23.12,19.43,-1.87,3.7,6
sh.600111,北方稀土,2024-12-16,2024-12-19,22.07,22.2,0.59,22.68,23.02,21.64,-7.41,12.98,3
sh.600111,北方稀土,2025-02-28,2025-03-03,22.37,23.0,2.82,22.72,22.7,22.21,-0.21,25.77,3
sh.600115,中国东航,2024-12-20,2024-12-24,4.03,4.09,1.49,4.09,4.14,3.93,-7.24,5.31,4
sh.600115,中国东航,2024-12-26,2024-12-27,3.98,4.09,2.76,4.03,4.13,3.96,-2.8,41.75,1
sh.600160,巨化股份,2024-04-10,2024-04-11,21.77,22.5,3.35,22.45,22.06,19.09,-13.3,10.25,1
sh.600160,巨化股份,2024-05-22,2024-05-29,24.54,23.52,-4.16,24.99,24.26,22.52,-2.03,2.2,7
sh.600160,巨化股份,2024-10-16,2024-10-21,19.72,20.61,4.51,20.21,18.51,18.18,-1.51,22.09,5
sh.600160,巨化股份,2024-11-22,2024-11-26,20.59,21.01,2.04,21.36,21.77,19.25,-0.2,6.8,4
sh.600160,巨化股份,2024-12-17,2024-12-18,21.48,21.75,1.26,22.1,22.02,21.04,-5.09,4.09,1
sh.600160,巨化股份,2025-03-20,2025-03-25,25.03,23.9,-4.51,25.32,24.88,24.7,-1.12,2.52,5
sh.600161,天坛生物,2024-05-21,2024-05-27,28.63,28.81,0.63,29.13,29.29,27.96,-3.87,12.17,6
sh.600161,天坛生物,2024-06-19,2024-07-01,30.12,24.94,-17.2,30.87,29.9,28.66,-9.64,7.83,12
sh.600176,中国巨石,2024-05-29,2024-06-04,11.86,11.56,-2.53,12.23,12.49,11.3,-0.98,4.96,6
sh.600176,中国巨石,2024-10-16,2024-10-21,10.38,10.44,0.58,10.74,10.11,10.12,-6.7,5.47,5
sh.600176,中国巨石,2024-11-15,2024-11-20,11.05,10.9,-1.36,11.34,11.24,10.4,-10.43,1.03,5
sh.600176,中国巨石,2024-11-21,2024-11-25,10.81,10.86,0.46,10.92,11.3,10.45,-1.05,17.35,4
sh.600176,中国巨石,2024-12-19,2024-12-23,11.58,11.57,-0.09,11.64,11.51,11.11,-2.44,0.72,4
sh.600183,生益科技,2024-04-03,2024-04-09,16.88,16.51,-2.19,17.27,17.71,16.67,-1.99,2.5,6
sh.600183,生益科技,2024-05-24,2024-05-27,19.8,20.15,1.77,20.48,19.57,17.93,-1.41,3.67,3
sh.600183,生益科技,2024-05-28,2024-05-29,19.82,20.06,1.21,20.1,19.94,18.04,-4.62,3.03,1
sh.600183,生益科技,2024-05-31,2024-06-03,19.78,20.17,1.97,19.95,20.19,18.19,-0.53,25.32,3
sh.600183,生益科技,2024-07-24,2024-07-31,21.47,19.55,-8.94,22.02,21.56,20.63,-14.09,3.74,7
sh.600183,生益科技,2024-11-15,2024-11-20,20.9,21.21,1.48,21.86,21.05,19.14,-5.56,8.89,5
sh.600183,生益科技,2025-01-02,2025-01-07,23.47,23.64,0.72,24.77,23.75,21.73,-2.54,5.83,5
sh.600183,生益科技,2025-02-28,2025-03-05,28.77,28.88,0.38,31.0,30.69,26.43,-6.48,6.72,5
sh.600188,兖矿能源,2024-10-17,2024-10-18,15.55,15.85,1.93,15.77,14.83,14.57,-1.56,2.63,1
sh.600188,兖矿能源,2024-11-14,2024-11-18,15.41,15.49,0.52,15.7,15.81,14.9,-2.86,3.12,4
sh.600188,兖矿能源,2025-04-01,2025-04-08,13.44,12.66,-5.8,13.64,13.53,13.43,-2.89,13.56,7
sh.600196,复星医药,2024-08-15,2024-08-16,23.32,23.45,0.56,23.51,23.4,23.0,-3.84,8.42,1
sh.600196,复星医药,2024-08-20,2024-08-26,23.06,22.34,-3.12,23.29,23.39,23.0,-3.94,0.8,6
sh.600196,复星医药,2024-10-17,2024-10-21,24.65,25.42,3.12,25.26,24.42,23.49,-14.09,2.46,4
sh.600196,复星医药,2024-11-18,2024-11-20,26.67,27.27,2.25,27.2,26.77,24.7,-12.46,21.0,2
sh.600196,复星医药,2024-11-26,2024-11-27,26.01,26.39,1.46,26.63,26.97,25.07,-6.3,14.8,1
sh.600219,南山铝业,2024-04-23,2024-04-24,3.25,3.33,2.46,3.52,3.49,3.21,-1.1,1.06,1
sh.600219,南山铝业,2024-07-19,2024-07-26,3.83,3.61,-5.74,3.96,3.92,3.78,-6.22,7.28,7
sh.600219,南山铝业,2024-10-17,2024-10-21,4.11,4.17,1.46,4.2,3.96,3.73,-1.48,11.34,4
sh.600219,南山铝业,2024-11-15,2024-11-19,4.17,4.17,0.0,4.25,4.24,3.95,-9.26,3.26,4
sh.600233,圆通速递,2024-05-30,2024-06-04,16.55,16.6,0.3,16.96,16.76,15.67,-4.11,12.3,5
sh.600233,圆通速递,2024-09-12,2024-09-18,15.07,15.43,2.39,15.53,15.21,14.81,-0.13,13.77,6
sh.600233,圆通速递,2024-10-17,2024-10-18,16.75,17.18,2.57,17.03,16.41,15.29,-0.43,6.8,1
sh.600233,圆通速递,2024-11-01,2024-11-05,16.49,16.22,-1.64,16.72,17.18,15.83,-0.54,4.64,4
sh.600276,恒瑞医药,2024-05-15,2024-05-27,44.67,42.7,-4.41,45.78,44.94,44.52,-13.03,8.02,12
sh.600276,恒瑞医药,2024-10-17,2024-10-21,49.22,50.56,2.72,50.12,47.82,44.49,-4.6,9.01,4
sh.600276,恒瑞医药,2024-10-31,2024-11-01,46.6,47.56,2.06,47.71,50.08,45.74,-1.38,6.93,1
sh.600276,恒瑞医药,2024-11-18,2024-11-20,47.2,50.46,6.91,48.4,48.63,46.96,-5.83,57.73,2
sh.600309,万华化学,2024-04-23,2024-04-26,84.5,86.74,2.65,86.33,84.83,78.35,-1.1,36.16,3
sh.600309,万华化学,2024-06-03,2024-06-04,87.22,88.1,1.01,88.84,89.67,85.06,-2.14,8.0,1
sh.600309,万华化学,2024-10-15,2024-10-22,79.43,78.89,-0.68,82.74,78.68,75.81,-7.91,13.52,7
sh.600309,万华化学,2024-11-18,2024-11-27,76.36,74.48,-2.46,78.37,78.27,76.32,-7.49,20.7,9
sh.600332,白云山,2024-05-22,2024-05-27,31.82,32.21,1.23,32.45,32.15,30.37,-6.58,17.85,5
sh.600332,白云山,2024-05-31,2024-06-03,31.4,31.19,-0.67,31.74,32.22,30.61,-2.91,1.07,3
sh.600332,白云山,2024-11-19,2024-11-20,28.74,29.04,1.04,29.04,28.85,27.99,-1.08,12.0,1
sh.600332,白云山,2024-11-22,2024-11-26,28.06,28.18,0.43,28.67,28.84,27.94,-3.89,0.72,4
sh.600346,恒力石化,2024-05-20,2024-06-03,15.55,14.25,-8.36,15.83,15.77,14.26,-8.21,0.9,14
sh.600346,恒力石化,2024-10-17,2024-10-21,13.95,14.44,3.51,14.55,13.84,13.58,-13.29,5.84,4
sh.600346,恒力石化,2024-10-31,2024-11-04,13.74,13.82,0.58,14.05,14.63,13.65,-1.54,4.38,4
sh.600346,恒力石化,2024-11-22,2024-11-27,14.25,14.23,-0.14,14.75,14.6,13.99,-12.4,0.49,5
sh.600346,恒力石化,2025-01-03,2025-01-06,14.9,15.02,0.81,15.16,15.18,14.74,-3.44,6.28,3
sh.600346,恒力石化,2025-02-25,2025-02-27,15.02,15.65,4.19,15.32,15.2,15.02,-12.3,46.75,2
sh.600346,恒力石化,2025-03-20,2025-03-25,15.63,15.72,0.58,15.74,15.7,15.33,-2.31,28.72,5
sh.600362,江西铜业,2024-05-24,2024-05-27,25.67,26.09,1.64,26.72,26.36,24.04,-3.31,3.18,3
sh.600362,江西铜业,2024-10-16,2024-10-21,22.44,23.03,2.63,22.88,21.26,20.86,-1.8,21.85,5
sh.600362,江西铜业,2024-11-15,2024-11-20,21.8,22.03,1.06,22.41,22.76,21.41,-14.26,3.03,5
sh.600372,中航机载,2024-05-15,2024-05-17,12.12,12.4,2.31,12.37,12.05,11.77,-2.97,11.24,2
sh.600372,中航机载,2024-05-23,2024-05-27,12.04,11.93,-0.91,12.28,12.26,11.88,-2.5,9.64,4
sh.600372,中航机载,2024-08-09,2024-08-23,12.44,11.8,-5.14,12.6,12.39,12.1,-6.97,4.87,14
sh.600372,中航机载,2024-10-17,2024-10-21,12.35,12.95,4.86,12.62,11.78,11.88,-2.41,26.38,4
sh.600372,中航机载,2024-11-18,2024-11-20,12.73,13.01,2.2,13.15,13.17,12.14,-11.13,6.45,2
sh.600372,中航机载,2024-11-22,2024-11-27,12.52,12.5,-0.16,12.83,13.14,12.2,-5.42,19.19,5
sh.600377,宁沪高速,2024-07-17,2024-07-18,12.79,12.98,1.49,12.95,12.89,12.08,-3.84,15.65,1
sh.600377,宁沪高速,2025-01-21,2025-01-23,14.43,14.59,1.11,14.88,15.0,14.07,-2.98,9.41,2
sh.600406,国电南瑞,2024-04-10,2024-04-11,23.48,24.51,4.39,23.78,24.25,22.87,-4.69,47.27,1
sh.600406,国电南瑞,2024-10-17,2024-10-18,25.76,26.36,2.33,26.24,26.28,24.82,-4.77,2.02,1
sh.600415,小商品城,2025-01-03,2025-01-07,12.61,12.59,-0.16,13.34,14.02,12.59,-3.58,6.67,4
sh.600426,华鲁恒升,2024-05-16,2024-05-22,29.38,29.1,-0.95,29.9,29.39,27.36,-5.14,2.31,6
sh.600426,华鲁恒升,2024-10-16,2024-10-21,23.13,23.35,0.95,23.68,22.51,23.06,-5.02,4.81,5
sh.600436,片仔癀,2024-05-22,2024-05-27,233.72,231.39,-1.0,236.57,235.28,230.22,-4.15,0.92,5
sh.600436,片仔癀,2024-10-16,2024-10-21,226.4,242.0,6.89,236.6,221.72,213.75,-7.38,18.33,5
sh.600436,片仔癀,2024-11-22,2024-11-27,236.0,235.5,-0.21,244.57,244.42,227.03,-10.69,9.08,5
sh.600438,通威股份,2024-10-17,2024-10-21,20.03,21.65,8.09,20.64,19.96,18.97,-6.98,25.47,4
sh.600438,通威股份,2024-11-15,2024-11-19,26.55,27.41,3.24,29.02,28.25,22.35,-4.6,6.43,4
sh.600438,通威股份,2024-11-22,2024-11-26,25.99,26.31,1.23,26.86,28.89,23.0,-1.54,4.58,4
sh.600438,通威股份,2024-12-10,2024-12-20,25.26,22.66,-10.29,26.21,27.0,24.61,-1.97,0.99,10
sh.600460,士兰微,2024-08-12,2024-08-19,20.22,19.9,-1.58,20.84,20.75,18.97,-7.47,13.59,7
sh.600460,士兰微,2024-11-19,2024-11-20,29.32,29.34,0.07,30.33,29.87,23.69,-0.03,1.88,1
sh.600460,士兰微,2024-11-22,2024-11-27,27.78,27.45,-1.19,28.78,29.89,24.15,-8.23,12.96,5
sh.600460,士兰微,2024-12-17,2024-12-18,27.18,27.6,1.55,27.73,27.87,26.83,-2.93,12.32,1
sh.600482,中国动力,2024-08-05,2024-08-06,22.57,22.86,1.28,23.26,22.91,20.72,-2.2,2.16,1
sh.600482,中国动力,2024-08-09,2024-08-13,22.34,22.59,1.12,22.68,23.09,20.85,-1.86,14.38,4
sh.600489,中金黄金,2024-04-23,2024-04-24,12.41,12.84,3.46,13.09,13.1,11.36,-4.16,12.15,1
sh.600489,中金黄金,2024-07-23,2024-07-29,16.16,15.81,-2.17,17.22,16.28,14.98,-11.32,6.38,6
sh.600489,中金黄金,2025-02-18,2025-03-04,12.86,12.42,-3.42,13.32,13.31,12.76,-6.28,25.0,14
sh.600515,海南机场,2024-08-14,2024-08-15,3.36,3.4,1.19,3.42,3.37,3.33,-8.45,10.33,1
sh.600515,海南机场,2024-10-16,2024-10-21,3.42,3.33,-2.63,3.44,3.32,3.3,-7.69,1.87,5
sh.600515,海南机场,2024-12-13,2024-12-19,3.89,3.79,-2.57,3.96,3.92,3.65,-1.61,5.76,6
sh.600515,海南机场,2025-03-26,2025-03-27,3.7,3.69,-0.27,3.73,3.77,3.7,-1.97,4.32,1
sh.600519,贵州茅台,2024-05-14,2024-05-17,1701.98,1715.0,0.76,1733.39,1701.55,1698.48,-2.75,3.98,3
sh.600519,贵州茅台,2024-10-16,2024-10-21,1522.5,1528.8,0.41,1584.75,1468.51,1439.2,-1.39,3.4,5
sh.600519,贵州茅台,2024-11-18,2024-11-21,1559.0,1545.13,-0.89,1569.5,1565.63,1486.89,-3.71,6.72,3
sh.600519,贵州茅台,2024-11-22,2024-11-26,1507.82,1509.0,0.08,1539.74,1561.53,1494.27,-4.07,6.13,4
sh.600519,贵州茅台,2025-03-31,2025-04-03,1561.0,1568.88,0.5,1577.34,1564.42,1496.17,-6.85,31.64,3
sh.600547,山东黄金,2024-04-22,2024-04-26,30.39,29.99,-1.32,30.91,29.52,24.81,-1.37,16.91,4
sh.600547,山东黄金,2024-05-24,2024-05-27,28.88,29.35,1.63,29.94,29.93,27.93,-2.72,6.81,3
sh.600547,山东黄金,2025-02-18,2025-02-20,24.73,25.02,1.17,25.29,25.03,24.45,-4.53,2.58,2
sh.600547,山东黄金,2025-02-21,2025-02-24,24.5,24.61,0.45,24.72,25.09,24.43,-6.27,4.72,3
sh.600570,恒生电子,2024-11-19,2024-11-20,30.0,30.63,2.1,30.72,29.16,22.54,-3.35,1.87,1
sh.600570,恒生电子,2024-11-22,2024-11-27,28.96,28.98,0.07,29.9,29.69,23.24,-4.68,18.76,5
sh.600570,恒生电子,2024-12-16,2024-12-20,29.81,29.99,0.6,30.88,30.32,27.09,-8.8,4.13,4
sh.600570,恒生电子,2024-12-23,2024-12-24,29.25,29.65,1.37,29.76,30.34,28.22,-2.81,5.54,1
sh.600570,恒生电子,2025-02-27,2025-03-04,32.37,30.95,-4.39,33.46,31.39,29.48,-2.28,0.96,5
sh.600584,长电科技,2024-04-03,2024-04-12,27.18,25.53,-6.07,27.91,28.27,26.26,-6.34,5.98,9
sh.600584,长电科技,2024-07-25,2024-07-30,32.09,32.82,2.27,34.09,33.25,29.46,-6.36,5.89,5
sh.600584,长电科技,2024-11-21,2024-11-27,41.05,38.16,-7.04,41.72,41.63,35.75,-5.46,1.86,6
sh.600584,长电科技,2024-12-13,2024-12-18,38.0,38.19,0.5,38.44,39.27,37.96,-2.47,11.15,5
sh.600585,海螺水泥,2024-05-29,2024-06-03,24.43,24.48,0.2,24.56,24.3,23.38,-10.13,9.94,5
sh.600585,海螺水泥,2024-11-13,2024-11-18,26.26,26.36,0.38,26.8,26.19,23.43,-10.05,1.65,5
sh.600585,海螺水泥,2024-11-25,2024-11-27,25.2,25.66,1.83,25.68,26.38,23.9,-2.28,20.83,2
sh.600588,用友网络,2024-11-04,2024-11-05,11.01,11.82,7.36,11.47,11.44,9.68,-5.68,33.05,1
sh.600588,用友网络,2024-12-13,2024-12-18,12.12,11.96,-1.32,12.52,12.67,11.66,-7.83,1.45,5
sh.600588,用友网络,2025-02-27,2025-03-03,16.08,16.4,1.99,16.69,15.2,12.71,-5.72,13.7,4
sh.600588,用友网络,2025-03-19,2025-03-26,16.61,15.8,-4.88,17.18,17.19,13.78,-6.92,10.24,7
sh.600600,青岛啤酒,2024-04-02,2024-04-11,81.01,76.12,-6.04,83.05,83.2,77.2,-2.5,2.11,9
sh.600600,青岛啤酒,2024-05-24,2024-06-03,83.13,78.72,-5.3,85.33,84.37,82.09,-9.74,7.95,10
sh.600600,青岛啤酒,2024-10-16,2024-10-21,68.06,68.71,0.96,70.57,64.15,63.72,-2.05,1.5,5
sh.600600,青岛啤酒,2024-11-22,2024-11-26,69.83,70.41,0.83,71.65,71.2,65.62,-8.29,1.28,4
sh.600600,青岛啤酒,2025-01-06,2025-01-08,75.6,76.4,1.06,78.66,77.99,73.24,-1.68,0.33,2
sh.600600,青岛啤酒,2025-01-09,2025-01-14,75.66,75.97,0.41,76.46,78.19,73.56,-4.93,10.55,5
sh.600660,福耀玻璃,2024-04-25,2024-04-26,44.75,49.23,10.01,45.37,44.72,42.76,-1.61,60.66,1
sh.600660,福耀玻璃,2024-05-20,2024-05-27,47.71,47.48,-0.48,49.5,48.62,45.26,-8.12,9.14,7
sh.600660,福耀玻璃,2024-11-01,2024-11-05,56.96,58.15,2.09,57.99,58.41,51.24,-6.16,12.23,4
sh.600660,福耀玻璃,2024-11-25,2024-11-26,54.8,55.6,1.46,56.47,57.29,54.5,-0.56,15.48,1
sh.600660,福耀玻璃,2025-01-06,2025-01-08,59.51,61.27,2.96,60.78,59.48,58.18,-4.83,27.83,2
sh.600674,川投能源,2024-04-26,2024-04-30,16.65,16.75,0.6,16.79,16.79,16.24,-9.4,17.64,4
sh.600674,川投能源,2024-06-19,2024-06-20,17.93,18.2,1.51,18.32,18.08,17.17,-4.02,10.04,1
sh.600674,川投能源,2024-07-17,2024-07-18,19.11,19.55,2.3,19.56,19.17,18.0,-3.15,18.86,1
sh.600690,海尔智家,2024-05-21,2024-05-27,30.46,30.75,0.95,31.39,30.44,26.76,-14.9,16.73,6
sh.600690,海尔智家,2024-10-17,2024-10-21,30.28,31.16,2.91,31.24,29.19,26.6,-2.69,16.38,4
sh.600741,华域汽车,2024-10-16,2024-10-23,16.67,16.19,-2.88,16.93,16.47,15.39,-1.76,13.71,7
sh.600741,华域汽车,2024-11-22,2024-11-25,16.31,17.17,5.27,16.83,16.35,15.97,-8.11,18.56,3
sh.600741,华域汽车,2025-01-03,2025-01-08,16.93,16.64,-1.71,17.49,17.48,16.83,-0.65,0.93,5
sh.600741,华域汽车,2025-03-12,2025-03-14,17.32,17.53,1.21,17.67,17.66,17.27,-6.14,16.01,2
sh.600745,闻泰科技,2024-11-18,2024-11-27,42.68,41.07,-3.77,45.75,42.41,32.53,-7.12,21.85,9
sh.600760,中航沈飞,2024-05-24,2024-05-27,38.51,38.78,0.7,39.67,39.41,37.89,-4.36,0.06,3
sh.600760,中航沈飞,2024-06-20,2024-06-26,40.22,39.11,-2.76,41.06,40.54,38.62,-9.28,2.1,6
sh.600760,中航沈飞,2024-11-18,2024-11-25,49.34,47.82,-3.08,52.39,51.3,45.2,-14.83,0.78,7
sh.600795,国电电力,2024-04-19,2024-04-24,4.98,5.06,1.61,5.14,5.09,4.78,-2.97,4.84,5
sh.600795,国电电力,2024-05-23,2024-05-24,5.12,5.36,4.69,5.18,5.17,5.05,-6.36,40.3,1
sh.600803,新奥股份,2024-04-03,2024-04-08,18.77,19.4,3.36,19.02,19.18,18.27,-0.61,43.28,5
sh.600803,新奥股份,2024-06-27,2024-06-28,20.48,20.8,1.56,20.84,20.23,19.21,-7.23,1.97,1
sh.600803,新奥股份,2024-07-16,2024-07-17,19.96,20.13,0.85,20.16,20.8,19.55,-3.2,12.03,1
sh.600803,新奥股份,2024-10-17,2024-10-22,18.9,19.45,2.91,19.37,18.92,18.77,-5.35,24.28,5
sh.600803,新奥股份,2025-01-08,2025-01-14,20.1,19.97,-0.65,20.59,20.13,19.33,-5.6,4.29,6
sh.600809,山西汾酒,2024-04-12,2024-04-15,240.1,251.79,4.87,244.15,248.18,229.76,-7.14,43.16,3
sh.600809,山西汾酒,2024-05-27,2024-06-03,251.16,243.1,-3.21,256.3,261.24,250.34,-5.94,3.81,7
sh.600809,山西汾酒,2024-10-16,2024-10-21,190.5,193.14,1.39,198.83,179.73,181.01,-0.09,5.39,5
sh.600809,山西汾酒,2024-11-19,2024-11-20,209.07,210.0,0.44,216.61,211.67,189.22,-1.08,1.78,1
sh.600809,山西汾酒,2024-11-22,2024-11-26,199.4,201.0,0.8,207.97,213.23,190.4,-7.62,3.61,4
sh.600845,宝信软件,2025-02-28,2025-03-06,32.69,34.73,6.24,35.15,32.96,29.65,-2.65,21.26,6
sh.600875,东方电气,2024-04-29,2024-05-06,17.22,17.37,0.87,17.47,16.8,15.89,-4.89,8.75,7
sh.600875,东方电气,2024-06-27,2024-06-28,17.63,18.45,4.65,17.96,18.31,17.58,-0.4,56.43,1
sh.600875,东方电气,2024-11-18,2024-11-20,15.72,15.88,1.02,15.98,15.73,14.43,-11.38,0.01,2
sh.600875,东方电气,2024-11-26,2024-11-27,14.9,15.37,3.15,15.53,15.81,14.59,-6.55,14.8,1
sh.600886,国投电力,2024-04-29,2024-04-30,15.25,16.03,5.11,15.54,15.44,14.78,-7.94,44.63,1
sh.600886,国投电力,2024-06-18,2024-06-20,17.53,17.74,1.2,17.91,17.5,16.12,-2.91,10.25,2
sh.600887,伊利股份,2024-10-16,2024-10-21,26.15,26.21,0.23,27.0,24.72,24.22,-1.02,8.39,5
sh.600887,伊利股份,2024-11-22,2024-11-26,28.4,28.57,0.6,28.89,28.83,25.8,-3.2,0.11,4
sh.600887,伊利股份,2025-01-06,2025-01-08,29.04,29.15,0.38,29.63,29.62,28.7,-0.67,3.14,2
sh.600893,航发动力,2024-05-23,2024-05-28,35.38,35.55,0.48,36.29,36.02,34.71,-7.98,12.07,5
sh.600893,航发动力,2024-06-24,2024-06-26,36.5,36.1,-1.1,37.1,37.08,35.41,-6.11,0.19,2
sh.600893,航发动力,2024-08-02,2024-08-07,39.26,39.2,-0.15,39.77,38.44,37.23,-11.25,7.53,5
sh.600893,航发动力,2024-11-18,2024-11-20,41.85,42.7,2.03,43.55,44.07,39.45,-7.42,4.78,2
sh.600893,航发动力,2024-11-22,2024-11-26,41.18,40.45,-1.77,42.04,43.86,39.81,-3.66,3.63,4
sh.600900,长江电力,2024-04-26,2024-04-30,25.57,25.79,0.86,25.73,25.46,25.11,-0.93,27.29,4
sh.600900,长江电力,2024-05-07,2024-05-09,25.35,25.36,0.04,25.53,25.6,25.21,-0.01,4.47,2
sh.600905,三峡能源,2024-04-22,2024-04-26,4.75,4.76,0.21,4.81,4.76,4.64,-3.99,18.2,4
sh.600905,三峡能源,2024-08-07,2024-08-15,4.75,4.75,0.0,4.78,4.71,4.61,-2.98,30.3,8
sh.600905,三峡能源,2024-11-15,2024-11-19,4.67,4.73,1.28,4.74,4.72,4.53,-11.9,9.45,4
sh.600905,三峡能源,2024-11-22,2024-11-26,4.59,4.54,-1.09,4.68,4.73,4.53,-3.79,4.21,4
sh.600918,中泰证券,2024-10-17,2024-10-21,6.46,6.86,6.19,6.62,6.31,5.94,-12.92,10.21,4
sh.600918,中泰证券,2024-11-15,2024-11-20,6.88,6.94,0.87,7.14,7.0,6.36,-3.66,0.99,5
sh.600918,中泰证券,2024-12-17,2024-12-20,6.91,6.9,-0.14,7.01,6.95,6.82,-5.24,10.35,3
sh.600919,江苏银行,2024-09-02,2024-09-05,7.84,7.83,-0.13,7.99,7.83,7.68,-6.57,3.03,3
sh.600919,江苏银行,2025-01-14,2025-01-15,9.42,9.6,1.91,9.62,9.6,9.21,-0.03,16.99,1
sh.600919,江苏银行,2025-02-14,2025-02-18,9.45,9.48,0.32,9.51,9.61,9.39,-1.33,14.49,4
sh.600926,杭州银行,2024-05-30,2024-06-06,13.59,13.12,-3.46,13.8,13.58,12.12,-4.48,2.88,7
sh.600926,杭州银行,2024-10-28,2024-11-01,14.02,13.94,-0.57,14.24,14.02,13.23,-3.3,6.36,4
sh.600926,杭州银行,2025-03-27,2025-04-01,14.63,14.6,-0.21,14.68,14.67,14.59,-3.62,15.03,5
sh.600938,中国海油,2024-05-14,2024-05-17,28.8,28.2,-2.08,28.97,29.27,27.9,-4.78,13.81,3
sh.600938,中国海油,2024-07-19,2024-07-22,31.7,30.75,-3.0,32.94,33.51,30.89,-1.02,2.15,3
sh.600938,中国海油,2024-10-18,2024-10-28,28.44,27.39,-3.69,29.12,28.32,28.43,-4.19,2.75,10
sh.600938,中国海油,2025-01-23,2025-01-27,27.6,27.51,-0.33,28.09,28.72,27.51,-4.72,7.73,4
sh.600941,中国移动,2024-08-01,2024-08-02,105.02,106.59,1.49,106.08,108.85,103.99,-3.26,10.61,1
sh.600941,中国移动,2025-01-10,2025-01-15,109.3,108.39,-0.83,110.72,113.1,107.37,-1.81,5.14,5
sh.600958,东方证券,2024-08-22,2024-08-23,8.29,8.37,0.97,8.46,8.44,8.03,-7.49,3.51,1
sh.600958,东方证券,2024-08-29,2024-08-30,8.25,8.42,2.06,8.34,8.45,8.05,-4.74,26.67,1
sh.600958,东方证券,2024-10-17,2024-10-21,10.07,10.65,5.76,10.38,9.73,8.8,-9.75,5.97,4
sh.600958,东方证券,2024-11-18,2024-11-20,10.71,11.03,2.99,11.02,10.9,9.76,-6.42,10.33,2
sh.600958,东方证券,2024-12-17,2024-12-20,10.66,10.55,-1.03,10.89,10.83,10.6,-4.65,0.11,3
sh.600989,宝丰能源,2024-05-23,2024-05-24,16.51,16.62,0.67,16.76,16.81,16.21,-0.88,5.23,1
sh.600989,宝丰能源,2024-10-16,2024-10-22,15.67,16.27,3.83,16.55,15.7,15.5,-9.71,23.18,6
sh.600999,招商证券,2024-05-24,2024-05-27,14.25,14.37,0.84,14.52,14.65,14.22,-7.25,1.89,3
sh.600999,招商证券,2024-05-28,2024-05-30,14.25,14.25,0.0,14.38,14.65,14.23,-4.92,4.66,2
sh.600999,招商证券,2024-08-29,2024-08-30,14.48,14.63,1.04,14.78,14.79,14.42,-9.1,2.47,1
sh.600999,招商证券,2024-11-18,2024-11-21,19.65,19.9,1.27,20.35,20.16,17.76,-3.09,5.07,3
sh.600999,招商证券,2024-11-22,2024-11-26,19.1,18.83,-1.41,19.68,20.11,18.07,-2.98,1.55,4
sh.600999,招商证券,2024-12-16,2024-12-24,19.3,19.62,1.66,19.82,19.48,19.29,-0.84,20.68,8
sh.601006,大秦铁路,2024-11-25,2024-11-26,6.68,6.73,0.75,6.72,6.67,6.5,-2.12,6.49,1
sh.601006,大秦铁路,2024-12-20,2024-12-23,6.83,6.86,0.44,6.88,6.86,6.71,-6.94,6.4,3
sh.601009,南京银行,2024-06-11,2024-06-12,9.92,10.1,1.81,10.09,10.04,9.44,-1.77,23.08,1
sh.601009,南京银行,2024-10-11,2024-10-16,10.42,10.67,2.4,10.69,10.31,10.14,-3.55,6.05,5
sh.601012,隆基绿能,2024-10-17,2024-10-18,15.61,16.45,5.38,16.16,15.08,14.2,-6.13,1.97,1
sh.601012,隆基绿能,2024-11-18,2024-11-19,18.21,18.64,2.36,19.22,19.35,16.05,-5.72,3.51,1
sh.601012,隆基绿能,2024-11-22,2024-11-25,17.75,17.81,0.34,18.36,19.18,16.38,-0.54,0.05,3
sh.601012,隆基绿能,2025-03-28,2025-04-02,16.87,15.96,-5.39,17.1,17.26,16.16,-4.35,1.38,5
sh.601021,春秋航空,2024-10-15,2024-10-21,52.59,53.58,1.88,55.87,53.1,52.52,-2.77,4.6,6
sh.601021,春秋航空,2024-11-14,2024-11-15,55.24,56.26,1.85,56.37,55.77,52.99,-1.2,5.52,1
sh.601021,春秋航空,2024-12-03,2024-12-05,56.05,56.29,0.43,56.92,57.27,54.68,-2.57,6.78,2
sh.601058,赛轮轮胎,2024-05-22,2024-05-27,15.48,15.37,-0.71,15.83,16.35,15.22,-4.8,10.61,5
sh.601058,赛轮轮胎,2024-10-15,2024-10-22,14.35,13.75,-4.18,14.82,14.33,13.22,-1.64,3.47,7
sh.601058,赛轮轮胎,2024-11-25,2024-11-27,14.18,14.43,1.76,14.53,14.7,14.09,-5.11,21.21,2
sh.601058,赛轮轮胎,2025-02-19,2025-02-24,14.78,14.77,-0.07,15.17,15.14,14.64,-2.23,8.57,5
sh.601059,信达证券,2024-10-17,2024-10-22,14.88,15.42,3.63,15.28,14.45,13.65,-14.66,8.8,5
sh.601059,信达证券,2024-11-18,2024-11-21,15.19,15.44,1.65,16.07,15.94,14.42,-9.71,1.9,3
sh.601059,信达证券,2024-11-22,2024-11-27,14.71,15.02,2.11,15.27,15.9,14.55,-6.93,17.47,5
sh.601059,信达证券,2025-03-26,2025-04-09,16.61,14.5,-12.7,17.17,16.85,15.3,-5.69,15.27,14
sh.601066,中信建投,2024-10-17,2024-10-18,25.55,26.86,5.13,26.71,23.56,20.65,-2.3,2.0,1
sh.601066,中信建投,2024-10-21,2024-10-22,26.29,26.22,-0.27,26.29,24.28,20.91,-0.6,5.87,1
sh.601066,中信建投,2024-11-19,2024-11-21,28.29,28.44,0.53,28.64,27.69,23.79,-2.62,8.94,2
sh.601066,中信建投,2024-11-22,2024-11-26,26.98,26.75,-0.85,27.98,27.98,24.23,-4.44,1.06,4
sh.601066,中信建投,2024-12-16,2024-12-20,26.75,27.31,2.09,27.48,27.46,26.44,-5.69,12.98,4
sh.601088,中国神华,2024-04-26,2024-04-30,39.55,39.83,0.71,39.9,40.06,38.7,-0.12,10.2,4
sh.601088,中国神华,2024-10-17,2024-10-18,40.99,41.98,2.42,41.92,40.62,40.21,-2.57,6.03,1
sh.601100,恒立液压,2024-10-16,2024-10-22,55.4,57.82,4.37,57.82,55.94,49.46,-4.72,18.87,6
sh.601100,恒立液压,2024-10-31,2024-11-01,51.65,54.11,4.76,53.74,57.31,51.37,-2.24,24.16,1
sh.601100,恒立液压,2025-03-21,2025-03-24,83.3,86.28,3.58,86.18,85.78,68.75,-4.92,16.71,3
sh.601100,恒立液压,2025-03-28,2025-03-31,81.33,79.54,-2.2,83.1,86.15,71.29,-3.14,0.96,3
sh.601111,中国国航,2024-06-03,2024-06-04,7.44,7.58,1.88,7.5,7.45,7.37,-4.69,17.1,1
sh.601111,中国国航,2024-12-19,2024-12-23,8.11,8.13,0.25,8.2,8.27,7.59,-1.14,1.17,4
sh.601117,中国化学,2024-06-13,2024-06-18,8.03,8.08,0.62,8.21,8.19,7.38,-0.1,11.89,5
sh.601117,中国化学,2024-11-26,2024-11-27,8.12,8.16,0.49,8.32,8.36,7.65,-2.22,2.39,1
sh.601117,中国化学,2024-11-28,2024-11-29,8.07,8.15,0.99,8.16,8.36,7.69,-0.23,8.36,1
sh.601127,赛力斯,2024-05-07,2024-05-14,86.98,87.27,0.33,91.95,90.14,86.91,-3.56,11.28,7
sh.601127,赛力斯,2024-11-18,2024-11-20,124.75,129.72,3.98,135.11,121.05,94.36,-1.71,4.45,2
sh.601127,赛力斯,2024-11-22,2024-11-27,123.99,123.89,-0.08,127.4,127.37,97.39,-4.43,8.72,5
sh.601127,赛力斯,2024-12-17,2024-12-19,130.21,130.8,0.45,132.34,130.75,113.21,-1.7,2.87,2
sh.601127,赛力斯,2025-01-06,2025-01-07,124.0,129.26,4.24,129.14,132.04,123.51,-0.32,26.07,1
sh.601136,首创证券,2024-05-16,2024-05-22,21.02,21.16,0.67,22.37,21.54,20.63,-13.97,3.51,6
sh.601136,首创证券,2024-10-17,2024-10-22,20.65,21.53,4.26,21.26,20.13,19.65,-12.89,11.11,5
sh.601136,首创证券,2024-12-13,2024-12-16,23.89,23.96,0.29,24.35,23.8,22.27,-5.57,0.4,3
sh.601136,首创证券,2024-12-17,2024-12-20,23.35,23.39,0.17,23.98,23.91,22.48,-10.49,8.22,3
sh.601136,首创证券,2025-03-26,2025-03-27,21.56,21.98,1.95,22.03,21.84,21.06,-4.6,19.29,1
sh.601138,工业富联,2024-05-29,2024-06-03,24.21,23.87,-1.4,24.59,24.78,23.48,-8.74,6.77,5
sh.601138,工业富联,2024-07-17,2024-07-18,25.95,25.41,-2.08,27.28,27.54,25.56,-0.35,3.27,1
sh.601138,工业富联,2024-10-17,2024-10-18,23.71,26.08,10.0,24.32,22.23,21.67,-0.02,27.41,1
sh.601138,工业富联,2024-11-01,2024-11-04,23.68,24.33,2.74,24.62,25.23,21.86,-7.81,6.35,3
sh.601138,工业富联,2024-11-18,2024-11-19,23.24,23.72,2.07,24.84,25.05,22.56,-1.97,0.69,1
sh.601138,工业富联,2024-11-22,2024-11-27,22.84,22.32,-2.28,23.45,24.61,22.74,-6.52,7.97,5
sh.601166,兴业银行,2024-06-04,2024-06-14,17.75,17.46,-1.63,17.89,17.66,16.67,-4.72,23.14,10
sh.601166,兴业银行,2024-11-15,2024-11-18,18.05,18.51,2.55,18.18,18.64,17.81,-3.06,26.08,3
sh.601166,兴业银行,2025-02-25,2025-02-27,20.41,20.92,2.5,20.68,20.47,19.4,-3.9,32.43,2
sh.601166,兴业银行,2025-03-27,2025-04-03,21.5,21.18,-1.49,21.64,21.46,20.5,-8.41,4.75,7
sh.601169,北京银行,2024-06-05,2024-06-07,5.68,5.77,1.58,5.76,5.76,5.65,-7.74,18.09,2
sh.601169,北京银行,2024-11-13,2024-11-15,5.57,5.59,0.36,5.64,5.72,5.52,-1.84,5.11,2
sh.601186,中国铁建,2024-05-28,2024-06-03,8.72,8.67,-0.57,8.84,8.76,8.59,-1.85,5.6,6
sh.601186,中国铁建,2024-11-22,2024-11-28,9.19,9.21,0.22,9.66,9.45,8.58,-5.78,1.3,6
sh.601186,中国铁建,2024-12-17,2024-12-18,9.16,9.33,1.86,9.27,9.36,9.1,-2.74,18.87,1
sh.601225,陕西煤业,2024-10-15,2024-10-21,25.01,25.0,-0.04,25.3,24.48,24.06,-5.21,5.94,6
sh.601229,上海银行,2024-06-05,2024-06-07,7.57,7.75,2.38,7.74,7.72,7.12,-12.9,15.69,2
sh.601236,红塔证券,2024-08-09,2024-08-13,6.72,6.83,1.64,6.79,6.8,6.7,-10.2,15.32,4
sh.601236,红塔证券,2024-10-17,2024-10-18,8.07,8.53,5.7,8.53,7.74,7.05,-3.95,5.3,1
sh.601236,红塔证券,2024-11-15,2024-11-21,8.56,8.64,0.93,8.93,8.72,7.72,-11.52,11.35,6
sh.601236,红塔证券,2024-12-17,2024-12-20,8.46,8.45,-0.12,8.59,8.52,8.43,-7.13,4.06,3
sh.601238,广汽集团,2024-10-16,2024-10-21,7.96,8.0,0.5,8.16,7.83,7.71,-11.15,4.0,5
sh.601238,广汽集团,2024-11-22,2024-11-25,8.63,8.78,1.74,8.9,8.62,8.03,-0.43,4.1,3
sh.601238,广汽集团,2024-11-26,2024-11-28,8.53,8.45,-0.94,8.75,8.65,8.07,-7.2,1.2,2
sh.601238,广汽集团,2024-12-16,2024-12-18,9.55,9.62,0.73,9.71,9.34,8.6,-2.96,10.43,2
sh.601238,广汽集团,2024-12-23,2024-12-24,9.17,9.36,2.07,9.42,9.48,8.78,-4.96,7.64,1
sh.601288,农业银行,2024-04-30,2024-05-08,4.4,4.43,0.68,4.46,4.39,4.22,-4.93,21.83,8
sh.601288,农业银行,2024-10-28,2024-10-29,4.76,4.79,0.63,4.83,4.85,4.72,-2.67,4.69,1
sh.601288,农业银行,2025-02-25,2025-02-27,5.11,5.16,0.98,5.19,5.12,5.08,-1.66,3.76,2
sh.601318,中国平安,2024-05-30,2024-06-04,43.15,43.27,0.28,43.67,43.41,41.84,-9.09,6.49,5
sh.601318,中国平安,2024-06-07,2024-06-11,42.12,41.83,-0.69,42.81,43.58,41.85,-2.13,0.27,4
sh.601318,中国平安,2024-09-11,2024-09-12,42.52,42.6,0.19,42.91,42.71,42.05,-3.94,13.11,1
sh.601318,中国平安,2024-11-15,2024-11-26,55.8,53.05,-4.93,57.08,57.49,50.66,-8.31,7.63,11
sh.601318,中国平安,2025-03-31,2025-04-02,51.63,51.86,0.45,51.87,51.95,51.09,-4.05,18.65,2
sh.601319,中国人保,2024-05-30,2024-06-04,5.36,5.36,0.0,5.42,5.41,5.28,-1.14,14.67,5
sh.601319,中国人保,2024-08-12,2024-08-15,5.43,5.55,2.21,5.54,5.54,5.36,-8.79,20.67,3
sh.601319,中国人保,2024-12-20,2024-12-23,7.32,7.4,1.09,7.4,7.35,7.27,-6.17,6.8,3
sh.601328,交通银行,2024-06-14,2024-06-17,6.8,6.87,1.03,7.1,7.09,6.78,-2.31,0.38,3
sh.601328,交通银行,2024-07-11,2024-07-12,7.35,7.43,1.09,7.55,7.36,7.11,-1.41,1.12,1
sh.601328,交通银行,2025-01-03,2025-01-07,7.43,7.46,0.4,7.65,7.54,7.37,-2.93,6.65,4
sh.601336,新华保险,2024-05-29,2024-06-05,32.78,32.52,-0.79,33.74,33.14,31.45,-3.22,2.54,7
sh.601336,新华保险,2024-06-06,2024-06-07,31.9,31.86,-0.13,32.43,33.29,31.48,-0.16,4.72,1
sh.601336,新华保险,2024-11-19,2024-11-20,49.21,50.13,1.87,50.76,50.71,42.0,-5.83,0.29,1
sh.601336,新华保险,2024-11-22,2024-11-27,47.01,46.92,-0.19,49.16,50.67,42.95,-5.24,7.11,5
sh.601360,三六零,2024-04-08,2024-04-09,8.31,8.49,2.17,8.61,9.03,8.29,-1.58,12.97,1
sh.601360,三六零,2024-12-16,2024-12-19,11.66,11.65,-0.09,12.64,13.04,10.36,-3.82,0.41,3
sh.601360,三六零,2024-12-23,2024-12-24,11.16,11.14,-0.18,11.54,12.67,10.74,-0.25,2.19,1
sh.601377,兴业证券,2024-08-12,2024-08-13,5.24,5.27,0.57,5.29,5.25,5.22,-6.04,6.07,1
sh.601377,兴业证券,2024-10-17,2024-10-18,6.16,6.47,5.03,6.23,5.89,5.43,-8.09,3.6,1
sh.601377,兴业证券,2024-11-15,2024-11-21,6.51,6.57,0.92,6.75,6.63,5.91,-6.11,10.15,6
sh.601377,兴业证券,2024-12-16,2024-12-19,6.39,6.39,0.0,6.51,6.46,6.37,-2.8,2.2,3
sh.601390,中国中铁,2024-11-22,2024-11-27,6.46,6.41,-0.77,6.72,6.65,6.16,-5.83,2.88,5
sh.601398,工商银行,2024-04-29,2024-04-30,5.38,5.43,0.93,5.45,5.41,5.31,-0.86,8.47,1
sh.601398,工商银行,2024-05-06,2024-05-07,5.37,5.4,0.56,5.41,5.42,5.33,-0.55,4.39,1
sh.601398,工商银行,2024-07-22,2024-07-23,5.84,6.01,2.91,5.89,5.88,5.59,-1.73,26.54,1
sh.601398,工商银行,2024-08-30,2024-09-10,5.98,5.67,-5.18,6.33,6.15,5.91,-1.52,3.03,11
sh.601398,工商银行,2024-10-24,2024-10-31,6.16,6.04,-1.95,6.18,6.14,6.02,-2.77,2.39,7
sh.601398,工商银行,2025-02-26,2025-02-27,6.88,6.93,0.73,6.93,6.84,6.64,-1.65,17.04,1
sh.601398,工商银行,2025-03-04,2025-03-05,6.78,6.87,1.33,6.86,6.88,6.69,-0.34,21.27,1
sh.601600,中国铝业,2024-05-24,2024-05-27,7.57,8.01,5.81,7.87,7.67,7.13,-4.15,22.22,3
sh.601600,中国铝业,2024-10-30,2024-11-01,7.69,7.94,3.25,8.39,8.51,7.28,-2.65,7.74,2
sh.601601,中国太保,2024-11-01,2024-11-04,36.68,36.86,0.49,37.54,38.06,32.29,-9.34,0.47,3
sh.601601,中国太保,2024-11-14,2024-11-21,35.7,35.28,-1.18,36.51,37.7,33.68,-4.95,9.13,7
sh.601607,上海医药,2024-05-22,2024-05-24,18.04,18.28,1.33,18.34,18.13,17.77,-1.95,8.7,2
sh.601607,上海医药,2024-10-17,2024-10-18,20.41,20.81,1.96,20.36,19.75,19.46,-0.19,9.38,1
sh.601607,上海医药,2024-12-04,2024-12-06,21.37,21.73,1.68,21.52,21.23,20.3,-1.6,24.86,2
sh.601618,中国中冶,2024-08-28,2024-09-10,3.17,2.66,-16.09,3.21,3.2,3.14,-5.12,4.01,13
sh.601618,中国中冶,2024-11-15,2024-11-18,3.38,3.64,7.69,3.45,3.4,3.15,-7.72,40.42,3
sh.601618,中国中冶,2024-11-22,2024-11-27,3.32,3.34,0.6,3.47,3.44,3.17,-5.54,6.16,5
sh.601618,中国中冶,2024-12-17,2024-12-18,3.32,3.36,1.2,3.38,3.38,3.31,-8.05,2.65,1
sh.601628,中国人寿,2024-05-28,2024-06-04,31.93,31.57,-1.13,32.28,31.83,29.75,-2.33,2.49,7
sh.601628,中国人寿,2024-11-20,2024-11-21,44.18,44.39,0.48,44.73,44.73,39.83,-1.38,6.64,1
sh.601628,中国人寿,2024-11-22,2024-11-26,41.77,41.29,-1.15,43.87,44.63,40.22,-4.55,0.01,4
sh.601633,长城汽车,2024-05-28,2024-05-29,26.0,26.27,1.04,26.48,26.7,25.02,-1.41,4.41,1
sh.601633,长城汽车,2024-10-17,2024-10-22,26.43,27.31,3.33,27.96,26.52,24.26,-15.87,5.98,5
sh.601633,长城汽车,2024-11-22,2024-11-27,26.0,26.54,2.08,27.17,27.28,25.95,-10.11,3.47,5
sh.601633,长城汽车,2025-04-01,2025-04-08,25.7,22.95,-10.7,26.24,26.09,25.53,-3.66,3.64,7
sh.601658,邮储银行,2024-05-31,2024-06-04,5.03,5.04,0.2,5.09,5.01,4.85,-2.8,8.16,4
sh.601658,邮储银行,2024-10-28,2024-11-01,5.42,5.26,-2.95,5.51,5.4,5.01,-5.61,5.31,4
sh.601658,邮储银行,2024-12-20,2024-12-23,5.42,5.59,3.14,5.47,5.44,5.36,-4.0,50.35,3
sh.601668,中国建筑,2024-05-30,2024-06-04,5.65,5.67,0.35,5.7,5.62,5.37,-0.53,11.93,5
sh.601668,中国建筑,2024-10-31,2024-11-01,6.02,6.15,2.16,6.11,6.22,5.62,-2.05,14.44,1
sh.601668,中国建筑,2024-11-14,2024-11-18,6.09,6.28,3.12,6.16,6.23,5.74,-1.55,15.4,4
sh.601668,中国建筑,2024-11-22,2024-11-26,5.95,5.92,-0.5,6.11,6.15,5.79,-2.49,2.11,4
sh.601669,中国电建,2024-07-10,2024-07-11,5.38,5.45,1.3,5.52,5.49,5.33,-0.56,1.38,1
sh.601669,中国电建,2024-11-21,2024-11-28,5.77,5.58,-3.29,5.86,5.75,5.3,-5.53,5.94,7
sh.601688,华泰证券,2024-11-18,2024-11-21,18.38,18.47,0.49,18.95,18.43,15.55,-10.5,1.55,3
sh.601688,华泰证券,2024-11-22,2024-11-26,17.53,17.5,-0.17,18.27,18.62,15.93,-6.86,2.63,4
sh.601688,华泰证券,2024-12-16,2024-12-19,17.77,17.97,1.13,18.28,18.12,17.41,-7.09,0.87,3
sh.601688,华泰证券,2025-03-28,2025-04-08,17.58,14.93,-15.07,17.7,17.77,17.44,-1.49,0.69,11
sh.601689,拓普集团,2024-10-17,2024-10-18,41.69,45.1,8.18,42.76,40.59,37.11,-8.33,14.24,1
sh.601689,拓普集团,2024-11-01,2024-11-04,42.91,44.45,3.59,44.68,44.92,37.95,-2.49,9.56,3
sh.601689,拓普集团,2024-12-16,2024-12-19,50.17,51.05,1.75,52.34,52.52,47.49,-6.85,8.05,3
sh.601689,拓普集团,2025-02-28,2025-03-07,63.16,63.93,1.22,69.23,69.91,58.4,-3.17,7.13,7
sh.601698,中国卫通,2024-08-12,2024-08-22,15.68,14.94,-4.72,16.58,15.91,15.03,-4.07,1.61,10
sh.601698,中国卫通,2024-11-22,2024-11-27,21.17,22.19,4.82,22.04,20.96,17.37,-9.56,15.69,5
sh.601698,中国卫通,2024-12-23,2024-12-24,21.48,21.46,-0.09,21.7,22.3,20.06,-0.62,1.16,1
sh.601698,中国卫通,2024-12-25,2024-12-26,21.2,21.72,2.45,21.55,22.31,20.28,-2.41,8.64,1
sh.601699,潞安环能,2024-10-16,2024-10-21,15.77,15.95,1.14,16.25,15.08,14.92,-6.18,14.38,5
sh.601728,中国电信,2024-04-29,2024-05-08,5.97,5.96,-0.17,6.07,6.08,5.92,-5.67,8.87,9
sh.601728,中国电信,2024-11-25,2024-11-26,6.38,6.43,0.78,6.5,6.51,6.37,-0.69,1.6,1
sh.601728,中国电信,2025-02-28,2025-03-05,7.75,8.04,3.74,8.04,7.75,7.18,-9.07,12.2,5
sh.601728,中国电信,2025-03-20,2025-03-24,7.51,7.61,1.33,7.73,7.97,7.47,-4.34,11.01,4
sh.601766,中国中车,2024-04-26,2024-05-08,7.23,7.07,-2.21,7.3,7.15,6.53,-0.37,12.95,12
sh.601766,中国中车,2024-11-14,2024-11-18,8.26,8.37,1.33,8.37,8.37,7.78,-2.6,6.32,4
sh.601766,中国中车,2024-11-19,2024-11-21,8.17,8.17,0.0,8.26,8.37,7.81,-0.28,0.63,2
sh.601766,中国中车,2024-11-22,2024-11-27,7.93,7.95,0.25,8.16,8.35,7.82,-3.83,11.9,5
sh.601788,光大证券,2024-10-17,2024-10-22,16.9,17.52,3.67,17.43,16.5,15.24,-13.91,8.49,5
sh.601788,光大证券,2024-12-16,2024-12-24,19.18,18.82,-1.88,19.97,19.57,18.16,-6.49,3.23,8
sh.601800,中国交建,2024-05-24,2024-05-27,8.9,9.02,1.35,9.1,9.12,8.77,-3.73,11.58,3
sh.601800,中国交建,2024-05-29,2024-06-03,8.84,8.89,0.57,8.92,9.08,8.8,-7.02,18.3,5
sh.601800,中国交建,2024-11-22,2024-11-27,10.39,10.45,0.58,10.96,11.02,9.51,-6.99,4.47,5
sh.601800,中国交建,2024-12-16,2024-12-18,10.48,10.77,2.77,10.71,10.71,10.24,-1.81,19.98,2
sh.601808,中海油服,2024-04-30,2024-05-06,17.91,18.21,1.68,18.27,18.77,16.35,-0.7,18.22,6
sh.601808,中海油服,2024-10-17,2024-10-21,14.97,15.33,2.4,15.44,14.63,14.62,-8.18,0.65,4
sh.601816,京沪高铁,2024-05-29,2024-06-04,5.13,5.11,-0.39,5.15,5.18,5.1,-5.15,29.46,6
sh.601816,京沪高铁,2024-08-09,2024-08-13,5.68,5.67,-0.18,5.72,5.73,5.42,-0.32,3.9,4
sh.601816,京沪高铁,2024-12-20,2024-12-23,6.06,6.14,1.32,6.16,6.07,5.78,-8.49,6.63,3
sh.601816,京沪高铁,2025-01-06,2025-01-08,5.92,5.91,-0.17,6.07,6.18,5.86,-0.2,2.23,2
sh.601818,光大银行,2024-10-25,2024-10-28,3.42,3.42,0.0,3.46,3.47,3.24,-4.34,9.16,3
sh.601838,成都银行,2024-06-11,2024-06-12,15.13,15.19,0.4,15.4,15.76,14.55,-1.33,13.37,1
sh.601838,成都银行,2024-10-28,2024-10-29,15.47,15.5,0.19,15.61,15.45,14.57,-0.39,2.98,1
sh.601838,成都银行,2025-01-22,2025-01-23,16.39,16.69,1.83,16.84,16.87,16.24,-0.73,11.46,1
sh.601857,中国石油,2025-01-21,2025-01-27,8.45,8.33,-1.42,8.74,8.86,8.43,-2.59,5.77,6
sh.601865,福莱特,2024-04-12,2024-04-18,27.4,25.42,-7.23,28.18,28.57,24.96,-5.82,3.29,6
sh.601865,福莱特,2024-10-17,2024-10-21,18.12,19.16,5.74,18.71,17.63,17.68,-7.7,10.53,4
sh.601865,福莱特,2024-12-13,2024-12-18,23.28,22.29,-4.25,23.91,25.29,22.66,-1.1,1.5,5
sh.601868,中国能建,2024-05-07,2024-05-09,2.19,2.19,0.0,2.21,2.2,2.16,-6.37,13.59,2
sh.601868,中国能建,2024-05-28,2024-06-04,2.2,2.17,-1.36,2.22,2.22,2.18,-5.04,10.96,7
sh.601868,中国能建,2024-08-22,2024-08-26,2.2,2.22,0.91,2.22,2.23,2.16,-5.45,20.5,4
sh.601868,中国能建,2024-11-15,2024-11-20,2.4,2.4,0.0,2.45,2.41,2.26,-6.4,0.32,5
sh.601868,中国能建,2024-11-22,2024-11-25,2.33,2.32,-0.43,2.39,2.42,2.27,-4.95,0.98,3
sh.601872,招商轮船,2024-05-23,2024-05-27,9.1,9.3,2.2,9.23,8.96,8.17,-1.42,11.92,4
sh.601872,招商轮船,2025-02-17,2025-02-27,6.76,6.38,-5.62,6.91,6.91,6.59,-1.9,8.77,10
sh.601877,正泰电器,2024-06-06,2024-06-14,20.79,20.64,-0.72,21.15,21.38,20.7,-5.94,20.99,8
sh.601877,正泰电器,2024-10-17,2024-10-21,20.3,21.03,3.6,21.06,20.33,19.06,-15.65,2.31,4
sh.601877,正泰电器,2024-11-15,2024-11-20,22.58,22.7,0.53,23.28,22.64,20.36,-13.74,3.03,5
sh.601877,正泰电器,2024-11-22,2024-11-25,22.02,22.36,1.54,22.58,22.91,20.75,-6.56,6.01,3
sh.601877,正泰电器,2025-03-03,2025-03-06,23.18,23.74,2.42,23.74,23.04,22.54,-2.49,16.03,3
sh.601877,正泰电器,2025-03-25,2025-03-27,24.12,23.89,-0.95,24.3,24.13,22.98,-5.35,0.93,2
sh.601878,浙商证券,2024-04-03,2024-04-15,10.49,10.14,-3.34,10.96,10.7,10.18,-11.65,6.91,12
sh.601878,浙商证券,2024-05-20,2024-05-21,11.59,11.77,1.55,12.06,11.18,10.66,-2.62,1.33,1
sh.601878,浙商证券,2024-05-23,2024-05-30,11.42,11.07,-3.06,11.61,11.42,10.75,-7.16,3.47,7
sh.601878,浙商证券,2024-05-31,2024-06-03,10.97,10.94,-0.27,11.14,11.58,10.84,-0.27,4.72,3
sh.601878,浙商证券,2024-10-17,2024-10-18,12.68,13.61,7.33,13.02,12.42,11.45,-12.97,3.17,1
sh.601878,浙商证券,2024-11-18,2024-11-21,12.62,12.65,0.24,13.32,13.31,12.31,-2.15,3.49,3
sh.601881,中国银河,2024-05-16,2024-05-17,12.0,12.23,1.92,12.29,11.89,11.95,-4.36,18.83,1
sh.601881,中国银河,2024-10-17,2024-10-18,14.03,14.76,5.2,14.52,13.23,11.44,-2.37,5.8,1
sh.601881,中国银河,2024-11-22,2024-11-27,15.06,15.27,1.39,15.61,15.55,13.56,-1.97,12.61,5
sh.601881,中国银河,2024-12-16,2024-12-20,15.24,15.33,0.59,15.67,15.57,14.83,-8.13,3.62,4
sh.601881,中国银河,2025-03-26,2025-03-28,16.86,16.99,0.77,17.16,17.04,15.3,-5.32,8.02,2
sh.601881,中国银河,2025-04-01,2025-04-02,16.28,16.5,1.35,16.73,17.06,15.36,-0.87,5.29,1
sh.601888,中国中免,2024-10-17,2024-10-22,65.44,69.14,5.65,68.71,64.41,63.81,-15.92,14.77,5
sh.601888,中国中免,2024-11-18,2024-11-20,69.77,70.4,0.9,72.19,71.12,65.38,-6.42,0.67,2
sh.601888,中国中免,2024-11-22,2024-11-27,67.4,68.68,1.9,69.58,71.26,65.84,-6.83,15.53,5
sh.601898,中煤能源,2024-09-09,2024-09-12,12.84,12.8,-0.31,13.28,13.28,12.6,-4.75,7.09,3
sh.601898,中煤能源,2024-10-23,2024-10-24,13.24,13.41,1.28,13.6,13.79,13.09,-2.5,5.66,1
sh.601899,紫金矿业,2024-04-23,2024-04-26,17.04,18.27,7.22,18.0,17.32,14.71,-0.47,27.39,3
sh.601899,紫金矿业,2024-06-03,2024-06-04,17.33,17.42,0.52,17.78,18.11,17.09,-0.65,5.33,1
sh.601899,紫金矿业,2024-10-17,2024-10-18,17.14,17.63,2.86,17.33,16.53,16.13,-3.7,7.77,1
sh.601899,紫金矿业,2024-10-31,2024-11-01,16.82,17.25,2.56,17.12,17.47,16.23,-0.67,21.15,1
sh.601899,紫金矿业,2025-02-21,2025-02-27,16.19,15.75,-2.72,16.38,16.49,15.96,-8.31,1.68,6
sh.601899,紫金矿业,2025-04-03,2025-04-09,17.11,15.92,-6.95,17.76,17.54,16.64,-6.28,7.68,6
sh.601901,方正证券,2024-05-17,2024-05-29,8.72,8.3,-4.82,8.96,8.55,8.01,-1.69,4.32,12
sh.601901,方正证券,2024-10-17,2024-10-22,8.21,8.47,3.17,8.46,7.96,7.44,-11.45,3.57,5
sh.601901,方正证券,2024-11-18,2024-11-21,8.61,8.76,1.74,8.94,8.86,7.95,-10.17,8.45,3
sh.601901,方正证券,2024-11-22,2024-11-25,8.32,8.31,-0.12,8.63,8.89,8.05,-1.19,5.28,3
sh.601901,方正证券,2024-12-17,2024-12-19,8.65,8.65,0.0,8.81,8.69,8.59,-3.79,0.8,2
sh.601916,浙商银行,2024-04-23,2024-04-25,2.93,2.96,1.02,2.98,2.98,2.83,-0.38,4.78,2
sh.601916,浙商银行,2024-05-31,2024-06-12,2.98,2.89,-3.02,3.01,3.01,2.95,-4.92,10.39,12
sh.601916,浙商银行,2024-11-26,2024-11-27,2.85,2.88,1.05,2.88,2.88,2.78,-0.81,15.7,1
sh.601916,浙商银行,2024-12-17,2024-12-18,2.91,2.94,1.03,2.96,2.92,2.87,-2.67,2.64,1
sh.601916,浙商银行,2024-12-19,2024-12-23,2.92,2.93,0.34,2.93,2.92,2.88,-0.52,7.23,4
sh.601919,中远海控,2024-07-11,2024-07-18,14.2,13.27,-6.55,14.56,15.32,14.15,-0.42,4.24,7
sh.601919,中远海控,2024-10-16,2024-10-21,14.41,14.52,0.76,14.72,13.81,13.04,-11.28,4.05,5
sh.601919,中远海控,2024-11-14,2024-11-18,14.38,14.64,1.81,14.6,14.76,13.66,-10.91,9.52,4
sh.601919,中远海控,2025-01-08,2025-01-14,14.71,14.49,-1.5,14.88,14.88,14.6,-2.35,8.05,6
sh.601939,建设银行,2024-04-29,2024-04-30,7.07,7.12,0.71,7.2,7.12,7.0,-1.66,3.39,1
sh.601939,建设银行,2024-05-06,2024-05-07,7.07,7.12,0.71,7.12,7.14,7.01,-0.42,8.3,1
sh.601939,建设银行,2024-10-25,2024-10-30,8.11,7.92,-2.34,8.14,8.04,7.74,-0.78,2.32,5
sh.601939,建设银行,2025-02-25,2025-02-27,8.5,8.58,0.94,8.66,8.54,8.45,-5.35,0.38,2
sh.601939,建设银行,2025-02-28,2025-03-03,8.51,8.5,-0.12,8.54,8.58,8.48,-4.04,3.11,3
sh.601985,中国核电,2024-07-31,2024-08-07,11.03,10.98,-0.45,11.75,11.52,10.46,-4.05,4.43,7
sh.601988,中国银行,2024-04-29,2024-04-30,4.57,4.59,0.44,4.61,4.57,4.47,-2.17,1.77,1
sh.601988,中国银行,2024-05-06,2024-05-08,4.48,4.51,0.67,4.57,4.58,4.48,-10.17,12.03,2
sh.601988,中国银行,2024-07-19,2024-07-23,4.67,4.76,1.93,4.74,4.68,4.55,-0.36,17.92,4
sh.601988,中国银行,2024-08-30,2024-09-02,4.79,4.9,2.3,5.01,4.84,4.7,-3.16,4.93,3
sh.601988,中国银行,2024-09-03,2024-09-10,4.76,4.8,0.84,4.9,4.86,4.72,-8.2,18.58,7
sh.601988,中国银行,2024-10-25,2024-10-29,4.91,4.9,-0.2,4.94,4.96,4.83,-5.12,4.25,4
sh.601989,中国重工,2024-05-23,2024-05-29,5.0,4.95,-1.0,5.08,5.0,4.79,-12.71,3.3,6
sh.601989,中国重工,2024-08-09,2024-08-14,5.46,5.56,1.83,5.54,5.44,5.1,-4.23,20.03,5
sh.601995,中金公司,2024-10-17,2024-10-21,34.3,35.86,4.55,36.14,33.28,30.03,-11.3,4.63,4
sh.601995,中金公司,2024-11-19,2024-11-27,36.18,35.02,-3.21,37.62,36.89,33.09,-1.84,5.31,8
sh.601995,中金公司,2024-12-16,2024-12-24,35.66,35.36,-0.84,36.46,35.98,35.64,-8.72,9.06,8
sh.601995,中金公司,2025-03-21,2025-03-27,34.96,34.77,-0.54,35.86,35.62,33.68,-0.08,1.78,6
sh.601998,中信银行,2024-04-30,2024-05-07,6.88,6.95,1.02,6.91,6.77,6.46,-4.6,10.28,7
sh.601998,中信银行,2024-06-04,2024-06-14,6.98,6.48,-7.16,7.1,7.07,6.72,-3.98,5.34,10
sh.601998,中信银行,2024-12-13,2024-12-23,6.83,6.84,0.15,7.06,6.91,6.69,-1.0,8.68,10
sh.601998,中信银行,2025-03-28,2025-04-01,7.11,7.11,0.0,7.25,7.14,6.83,-8.1,4.94,4
sh.603019,中科曙光,2024-04-03,2024-04-11,46.05,44.38,-3.63,47.82,51.11,42.0,-2.7,4.29,8
sh.603019,中科曙光,2024-12-10,2024-12-18,74.94,71.89,-4.07,76.17,77.74,61.03,-8.66,1.33,8
sh.603195,公牛集团,2024-05-21,2024-05-27,123.4,126.03,2.13,125.71,120.57,109.1,-12.38,21.63,6
sh.603195,公牛集团,2024-10-16,2024-10-22,73.82,73.5,-0.43,76.77,71.32,69.33,-4.83,10.53,6
sh.603195,公牛集团,2025-03-18,2025-03-19,74.18,74.7,0.7,74.73,75.4,72.31,-5.58,2.86,1
sh.603195,公牛集团,2025-03-20,2025-03-21,73.0,73.3,0.41,74.22,75.25,72.4,-8.14,5.97,1
sh.603259,药明康德,2024-10-17,2024-10-21,48.18,50.36,4.52,50.11,46.42,42.04,-6.8,1.17,4
sh.603259,药明康德,2024-11-18,2024-11-27,51.62,49.92,-3.29,54.75,53.62,46.62,-8.07,10.49,9
sh.603259,药明康德,2024-12-20,2024-12-23,55.79,56.26,0.84,55.9,53.85,52.42,-2.97,6.76,3
sh.603259,药明康德,2025-02-28,2025-03-06,61.13,62.38,2.04,62.82,60.33,56.37,-2.57,12.18,6
sh.603259,药明康德,2025-04-03,2025-04-10,63.52,52.3,-17.66,66.58,65.68,60.34,-5.45,3.58,7
sh.603260,合盛硅业,2024-10-15,2024-10-21,53.22,53.09,-0.24,55.15,52.94,49.11,-4.31,6.88,6
sh.603260,合盛硅业,2024-11-25,2024-11-27,57.62,58.37,1.3,58.99,59.53,54.83,-1.26,18.04,2
sh.603288,海天味业,2024-10-17,2024-10-22,42.24,43.48,2.94,44.64,41.57,37.16,-13.71,5.98,5
sh.603288,海天味业,2024-11-20,2024-11-26,45.2,44.38,-1.81,45.7,45.66,41.32,-3.2,8.9,6
sh.603288,海天味业,2024-12-31,2025-01-02,45.9,45.07,-1.81,46.48,46.87,45.76,-0.7,1.58,2
sh.603296,华勤技术,2024-04-10,2024-04-11,71.67,73.18,2.11,75.07,75.6,69.52,-1.02,2.68,1
sh.603296,华勤技术,2024-11-01,2024-11-04,54.91,56.4,2.71,56.66,56.92,49.7,-11.31,6.21,3
sh.603296,华勤技术,2024-12-17,2024-12-18,60.51,61.61,1.82,61.79,62.12,57.97,-3.81,8.36,1
sh.603296,华勤技术,2025-02-28,2025-03-06,88.26,85.05,-3.64,94.06,87.3,74.23,-1.06,7.7,6
sh.603369,今世缘,2024-04-10,2024-04-12,55.39,56.27,1.59,57.38,57.53,51.21,-10.16,1.01,2
sh.603369,今世缘,2024-10-17,2024-10-21,44.25,45.93,3.8,45.85,43.04,42.76,-12.4,4.69,4
sh.603369,今世缘,2024-12-18,2024-12-25,46.96,45.44,-3.24,48.62,47.08,46.12,-5.6,4.03,7
sh.603369,今世缘,2025-03-21,2025-03-25,52.15,52.68,1.02,53.77,52.73,47.39,-9.44,4.81,4
sh.603392,万泰生物,2024-10-14,2024-10-21,73.28,71.8,-2.02,77.05,72.25,70.2,-0.96,3.78,7
sh.603392,万泰生物,2024-12-17,2024-12-18,74.55,75.7,1.54,75.47,74.42,73.72,-9.17,10.26,1
sh.603501,韦尔股份,2024-04-08,2024-04-09,94.5,95.2,0.74,97.57,97.31,92.39,-0.05,1.32,1
sh.603501,韦尔股份,2024-05-17,2024-05-27,99.42,94.0,-5.45,102.04,99.64,96.24,-7.87,1.27,10
sh.603501,韦尔股份,2024-06-27,2024-07-01,99.08,99.02,-0.06,101.24,100.54,98.8,-0.36,4.3,4
sh.603501,韦尔股份,2024-07-24,2024-07-31,103.16,102.97,-0.18,107.56,103.87,101.37,-3.21,5.68,7
sh.603501,韦尔股份,2024-11-01,2024-11-04,104.92,106.91,1.9,107.99,110.38,96.62,-3.1,5.95,3
sh.603501,韦尔股份,2024-11-18,2024-11-20,104.95,105.86,0.87,110.34,110.26,99.62,-4.05,1.74,2
sh.603501,韦尔股份,2024-11-21,2024-11-27,104.92,98.49,-6.13,105.94,109.38,100.35,-0.2,8.54,6
sh.603501,韦尔股份,2025-03-03,2025-03-05,142.68,145.08,1.68,145.61,136.11,113.18,-3.84,2.71,2
sh.603501,韦尔股份,2025-03-26,2025-03-27,133.6,134.07,0.35,135.55,140.85,124.67,-2.86,0.95,1
sh.603501,韦尔股份,2025-03-28,2025-03-31,133.4,132.72,-0.51,134.25,139.73,125.73,-2.03,8.63,3
sh.603659,璞泰来,2024-04-16,2024-04-24,18.92,18.01,-4.81,20.35,20.0,18.72,-1.7,6.34,8
sh.603659,璞泰来,2024-10-17,2024-10-18,13.1,14.17,8.17,13.48,12.69,12.22,-12.62,5.4,1
sh.603659,璞泰来,2024-11-18,2024-11-19,18.12,18.99,4.8,19.42,17.7,13.98,-0.18,4.37,1
sh.603659,璞泰来,2024-12-04,2024-12-06,18.73,19.15,2.24,19.45,19.57,15.67,-1.17,17.7,2
sh.603659,璞泰来,2024-12-11,2024-12-12,18.05,18.31,1.44,18.62,19.26,16.27,-1.47,8.06,1
sh.603659,璞泰来,2024-12-13,2024-12-17,17.82,17.42,-2.24,18.25,19.15,16.49,-1.56,2.44,4
sh.603799,华友钴业,2024-04-17,2024-04-18,28.84,30.28,4.99,29.63,29.22,27.84,-0.03,24.92,1
sh.603799,华友钴业,2024-10-17,2024-10-18,27.72,28.95,4.44,28.34,25.76,23.62,-1.49,2.35,1
sh.603799,华友钴业,2024-11-18,2024-11-19,32.4,34.54,6.6,34.84,33.3,27.4,-5.15,7.84,1
sh.603799,华友钴业,2024-11-22,2024-11-27,32.43,32.16,-0.83,33.49,33.86,28.14,-0.65,15.32,5
sh.603799,华友钴业,2025-03-20,2025-04-02,36.2,33.95,-6.22,37.27,35.43,31.54,-10.13,1.74,13
sh.603799,华友钴业,2025-04-03,2025-04-08,33.23,28.93,-12.94,33.96,36.18,32.32,-1.41,1.81,5
sh.603806,福斯特,2024-10-17,2024-10-18,15.45,15.97,3.37,15.51,15.24,15.03,-3.4,5.23,1
sh.603806,福斯特,2024-11-18,2024-11-19,16.49,17.29,4.85,17.41,18.02,16.03,-0.72,20.67,1
sh.603833,欧派家居,2024-05-30,2024-06-04,68.35,68.0,-0.51,70.74,70.09,65.95,-8.33,1.36,5
sh.603833,欧派家居,2024-06-05,2024-06-07,66.08,64.85,-1.86,67.64,70.56,65.95,-4.6,0.98,2
sh.603833,欧派家居,2024-11-18,2024-11-21,66.4,67.32,1.39,70.05,68.99,55.4,-4.12,11.24,3
sh.603833,欧派家居,2024-12-17,2024-12-24,70.91,71.2,0.41,74.09,71.7,65.0,-2.32,11.14,7
sh.603986,兆易创新,2024-05-23,2024-05-27,81.26,81.48,0.27,82.45,81.45,76.37,-0.09,22.03,4
sh.603986,兆易创新,2024-10-17,2024-10-18,82.39,87.74,6.49,84.12,77.07,78.01,-2.14,8.1,1
sh.603986,兆易创新,2024-11-18,2024-11-20,86.46,88.31,2.14,92.29,91.41,80.64,-9.09,0.42,2
sh.603986,兆易创新,2024-11-22,2024-11-27,84.38,85.0,0.73,87.25,91.18,81.28,-6.58,13.58,5
sh.603986,兆易创新,2025-01-03,2025-01-07,103.1,105.2,2.04,107.73,100.61,92.51,-3.21,6.15,4
sh.603986,兆易创新,2025-02-14,2025-02-19,127.32,127.51,0.15,131.72,131.33,107.7,-0.13,3.94,5
sh.603993,洛阳钼业,2024-05-22,2024-05-24,8.21,8.18,-0.37,8.59,8.91,8.03,-6.55,4.06,2
sh.603993,洛阳钼业,2024-10-16,2024-10-21,8.02,8.32,3.74,8.14,7.65,7.5,-1.17,50.97,5
sh.603993,洛阳钼业,2024-10-31,2024-11-01,7.6,7.93,4.34,7.77,8.1,7.51,-6.41,28.31,1
sh.603993,洛阳钼业,2025-03-31,2025-04-09,7.6,6.15,-19.08,7.83,7.66,7.23,-3.1,0.77,9
sh.605117,德业股份,2024-05-17,2024-05-20,91.51,95.63,4.5,95.5,91.76,91.12,-11.28,9.97,3
sh.605117,德业股份,2024-08-15,2024-08-20,92.19,92.66,0.51,94.19,96.49,83.47,-5.99,13.25,5
sh.605117,德业股份,2025-02-20,2025-02-24,90.36,91.84,1.64,91.82,90.58,87.78,-0.39,29.02,4
sh.605117,德业股份,2025-03-10,2025-03-11,90.05,89.23,-0.91,91.09,92.08,88.57,-0.17,7.44,1
sh.605499,东鹏饮料,2024-04-12,2024-04-15,184.78,193.0,4.45,187.57,186.87,178.63,-5.74,46.66,3
sh.605499,东鹏饮料,2024-05-20,2024-05-21,220.3,224.21,1.77,224.03,213.33,194.21,-3.39,8.1,1
sh.605499,东鹏饮料,2024-05-31,2024-06-03,213.97,229.15,7.09,218.97,223.26,200.59,-7.46,64.58,3
sh.605499,东鹏饮料,2024-06-21,2024-06-24,216.64,217.8,0.54,219.18,222.76,209.85,-2.87,7.53,3
sh.605499,东鹏饮料,2024-08-27,2024-08-28,229.71,228.79,-0.4,233.26,235.62,227.29,-3.38,0.82,1
sh.605499,东鹏饮料,2024-12-26,2024-12-27,241.63,243.86,0.92,242.45,235.05,225.66,-3.32,8.07,1
sh.605499,东鹏饮料,2025-01-15,2025-01-20,236.03,246.79,4.56,259.45,250.43,231.08,-1.48,9.73,5
sh.688008,澜起科技,2024-07-24,2024-07-30,58.98,58.47,-0.86,61.54,60.04,54.81,-11.07,5.64,6
sh.688008,澜起科技,2024-11-22,2024-11-27,63.91,66.69,4.35,66.77,69.28,61.84,-9.27,28.6,5
sh.688008,澜起科技,2024-12-17,2024-12-18,66.87,68.8,2.89,68.29,67.46,66.27,-3.16,15.72,1
sh.688009,中国通号,2024-04-25,2024-05-06,5.68,5.75,1.23,5.82,5.71,5.18,-2.8,24.67,11
sh.688009,中国通号,2024-11-22,2024-11-27,6.4,6.42,0.31,6.62,6.57,5.93,-7.53,9.97,5
sh.688012,中微公司,2024-04-10,2024-04-15,142.99,146.49,2.45,147.85,151.98,139.24,-1.37,32.69,5
sh.688012,中微公司,2024-08-15,2024-08-23,148.41,131.01,-11.72,151.47,151.43,144.44,-0.01,9.87,8
sh.688012,中微公司,2024-11-20,2024-11-21,213.01,216.5,1.64,217.29,206.8,165.63,-1.04,1.17,1
sh.688012,中微公司,2024-11-22,2024-11-27,209.46,211.84,1.14,213.04,209.92,167.95,-6.42,15.71,5
sh.688012,中微公司,2024-12-13,2024-12-19,200.51,194.88,-2.81,208.65,211.85,188.24,-3.95,4.03,6
sh.688036,传音控股,2024-10-16,2024-10-21,90.35,94.5,4.59,99.21,91.33,82.88,-1.78,0.69,5
sh.688036,传音控股,2024-11-18,2024-11-19,91.63,95.2,3.9,95.22,95.26,89.64,-10.37,5.66,1
sh.688036,传音控股,2025-02-18,2025-02-21,98.8,100.51,1.73,101.45,99.92,94.32,-11.83,22.35,3
sh.688041,海光信息,2024-11-15,2024-11-19,121.9,127.2,4.35,129.71,128.55,101.68,-5.91,1.12,4
sh.688041,海光信息,2024-12-13,2024-12-16,123.81,123.42,-0.31,126.86,125.69,118.03,-6.89,0.57,3
sh.688041,海光信息,2024-12-17,2024-12-19,121.81,128.78,5.72,124.04,125.44,119.55,-0.62,30.36,2
sh.688041,海光信息,2025-01-06,2025-01-07,134.57,147.6,9.68,142.61,136.09,129.61,-7.65,19.88,1
sh.688041,海光信息,2025-03-18,2025-03-24,153.4,149.0,-2.87,156.6,155.93,144.66,-0.24,5.31,6
sh.688082,盛美上海,2024-07-25,2024-07-30,86.18,88.93,3.19,90.11,88.6,82.96,-13.34,14.48,5
sh.688082,盛美上海,2024-08-21,2024-08-23,88.81,88.0,-0.91,90.85,90.77,86.9,-7.0,1.6,2
sh.688082,盛美上海,2024-10-30,2024-10-31,104.51,106.61,2.01,106.94,109.74,94.73,-1.24,5.1,1
sh.688082,盛美上海,2024-11-01,2024-11-04,102.42,104.97,2.49,105.41,111.47,95.21,-3.14,17.47,3
sh.688111,金山办公,2024-04-03,2024-04-09,285.0,284.18,-0.29,296.47,300.6,265.71,-1.98,3.67,6
sh.688111,金山办公,2024-05-10,2024-05-20,291.55,292.99,0.49,298.41,294.49,283.79,-0.89,47.64,10
sh.688111,金山办公,2024-11-01,2024-11-04,248.16,252.49,1.74,258.85,265.27,213.77,-9.36,6.47,3
sh.688111,金山办公,2024-12-20,2024-12-26,303.1,298.7,-1.45,309.4,304.62,278.33,-0.64,20.76,6
sh.688111,金山办公,2025-02-19,2025-02-21,365.0,371.6,1.81,374.2,334.75,306.46,-4.52,3.87,2
sh.688111,金山办公,2025-02-28,2025-03-03,346.19,356.01,2.84,360.5,364.43,314.35,-1.32,14.75,3
sh.688111,金山办公,2025-03-17,2025-03-24,346.1,312.93,-9.58,352.46,362.34,324.87,-6.29,3.59,7
sh.688126,沪硅产业,2024-06-27,2024-07-02,13.7,13.9,1.46,14.31,14.32,13.51,-8.71,3.57,5
sh.688126,沪硅产业,2024-08-12,2024-08-13,14.59,15.15,3.84,14.97,15.0,14.38,-2.23,20.87,1
sh.688126,沪硅产业,2024-11-01,2024-11-05,21.77,22.54,3.54,22.66,22.51,17.27,-4.54,9.93,4
sh.688126,沪硅产业,2024-11-25,2024-11-27,21.35,21.46,0.52,22.29,22.75,19.32,-0.59,13.95,2
sh.688169,石头科技,2024-05-20,2024-05-21,426.74,433.91,1.68,439.39,420.18,363.68,-4.58,4.67,1
sh.688169,石头科技,2024-05-22,2024-05-24,420.01,424.9,1.16,428.35,425.33,367.05,-9.29,0.73,2
sh.688169,石头科技,2025-03-03,2025-03-06,234.76,245.98,4.78,249.67,246.16,231.83,-8.91,9.55,3
sh.688169,石头科技,2025-03-31,2025-04-02,243.18,247.4,1.74,246.95,246.21,240.45,-5.09,11.53,2
sh.688187,时代电气,2024-04-26,2024-05-06,50.0,49.33,-1.34,50.54,49.44,42.68,-1.9,13.04,10
sh.688187,时代电气,2024-05-21,2024-05-22,46.86,46.99,0.28,47.8,49.48,46.07,-1.15,0.31,1
sh.688187,时代电气,2024-05-23,2024-05-24,46.48,46.84,0.77,47.05,48.9,46.44,-3.62,1.17,1
sh.688187,时代电气,2024-08-09,2024-08-12,53.34,54.42,2.02,53.88,54.09,50.63,-0.91,18.34,3
sh.688187,时代电气,2025-03-28,2025-04-07,47.85,41.65,-12.96,48.66,47.64,45.81,-4.74,4.65,10
sh.688223,晶科能源,2024-06-21,2024-07-01,8.12,7.27,-10.47,8.22,8.3,7.99,-0.34,4.26,10
sh.688223,晶科能源,2024-11-18,2024-11-19,8.31,8.65,4.09,8.71,9.1,7.96,-0.05,19.39,1
sh.688256,寒武纪,2024-04-08,2024-04-09,158.97,157.56,-0.89,168.0,175.38,147.3,-3.42,5.17,1
sh.688256,寒武纪,2024-04-10,2024-04-11,150.09,156.18,4.06,159.92,173.22,148.22,-0.15,11.79,1
sh.688256,寒武纪,2024-05-29,2024-05-30,172.0,172.53,0.31,175.17,175.33,169.12,-0.31,0.82,1
sh.688256,寒武纪,2024-06-28,2024-07-01,198.67,204.84,3.11,200.75,195.84,175.71,-1.7,14.81,3
sh.688256,寒武纪,2024-08-06,2024-08-08,233.46,229.54,-1.68,246.06,242.16,208.0,-2.95,0.32,2
sh.688256,寒武纪,2024-08-28,2024-08-29,240.2,240.29,0.04,249.05,244.68,225.59,-0.62,2.59,1
sh.688256,寒武纪,2024-11-04,2024-11-05,410.94,437.86,6.55,430.96,398.95,289.66,-0.11,21.1,1
sh.688256,寒武纪,2025-01-17,2025-01-20,592.0,618.22,4.43,658.99,669.41,557.21,-2.71,2.35,3
sh.688256,寒武纪,2025-03-19,2025-04-01,703.9,632.94,-10.08,741.12,746.18,678.65,-1.01,13.3,13
sh.688271,联影医疗,2024-10-17,2024-10-21,110.35,116.3,5.39,114.88,108.87,109.58,-12.26,4.81,4
sh.688271,联影医疗,2024-11-26,2024-11-27,130.0,132.94,2.26,135.52,131.19,116.62,-5.79,5.18,1
sh.688271,联影医疗,2024-11-28,2024-11-29,129.83,131.15,1.02,131.59,132.16,117.51,-1.06,3.48,1
sh.688271,联影医疗,2024-12-16,2024-12-24,134.34,127.05,-5.43,137.46,136.81,124.81,-2.14,7.58,8
sh.688271,联影医疗,2025-03-07,2025-03-10,131.72,135.8,3.1,134.48,134.72,129.56,-1.44,24.58,3
sh.688271,联影医疗,2025-03-12,2025-03-13,130.14,129.98,-0.12,133.09,135.22,129.19,-0.68,2.81,1
sh.688303,大全能源,2024-11-07,2024-11-11,29.7,30.27,1.92,30.94,29.83,23.28,-3.42,7.98,4
sh.688303,大全能源,2024-11-15,2024-11-19,26.97,27.98,3.74,29.21,30.92,24.2,-3.87,15.08,4
sh.688396,华润微,2024-11-01,2024-11-04,49.31,49.49,0.37,50.5,51.81,41.31,-2.91,0.26,3
sh.688396,华润微,2024-11-22,2024-11-27,49.65,50.25,1.21,51.85,52.21,45.14,-5.14,8.97,5
sh.688506,百利天恒,2024-05-24,2024-05-27,179.62,179.79,0.09,182.0,175.06,141.27,-0.15,2.53,3
sh.688506,百利天恒,2024-05-30,2024-05-31,172.89,175.98,1.79,177.26,181.86,144.94,-4.68,10.03,1
sh.688506,百利天恒,2024-06-21,2024-07-01,193.7,185.56,-4.2,197.03,192.86,163.27,-0.27,14.55,10
sh.688506,百利天恒,2024-12-11,2024-12-17,209.03,205.23,-1.82,218.43,209.05,191.07,-14.81,6.97,6
sh.688506,百利天恒,2024-12-20,2024-12-24,196.63,191.58,-2.57,201.61,213.92,195.92,-1.43,1.1,4
sh.688506,百利天恒,2025-03-12,2025-03-14,210.52,212.02,0.71,213.3,206.75,197.8,-1.05,14.41,2
sh.688506,百利天恒,2025-03-26,2025-03-27,207.11,224.88,8.58,212.42,216.08,199.68,-7.8,55.24,1
sh.688599,天合光能,2024-11-18,2024-11-19,23.6,24.23,2.67,24.52,25.63,20.69,-2.5,9.91,1
sh.688599,天合光能,2024-12-11,2024-12-12,23.46,23.75,1.24,23.88,24.04,22.8,-2.71,3.97,1
sh.688981,中芯国际,2024-06-27,2024-06-28,45.71,46.1,0.85,46.75,46.89,43.84,-3.32,0.18,1
sh.688981,中芯国际,2024-11-01,2024-11-05,84.81,95.8,12.96,88.59,83.33,58.88,-5.53,51.2,4
sh.688981,中芯国际,2024-11-22,2024-11-27,88.77,88.0,-0.87,92.55,94.18,70.77,-7.2,15.07,5
sh.688981,中芯国际,2025-01-27,2025-02-05,93.94,101.37,7.91,98.14,95.37,92.79,-1.13,36.42,9
sz.000001,平安银行,2024-04-10,2024-04-11,10.28,10.25,-0.29,10.42,10.46,10.01,-6.65,2.4,1
sz.000001,平安银行,2024-04-12,2024-04-15,10.06,10.29,2.29,10.28,10.43,10.04,-6.89,18.04,3
sz.000001,平安银行,2024-05-31,2024-06-07,11.11,10.99,-1.08,11.28,11.16,10.7,-10.08,1.54,7
sz.000001,平安银行,2024-10-29,2024-10-31,11.54,11.38,-1.39,11.7,11.78,10.65,-2.87,7.52,2
sz.000001,平安银行,2024-11-25,2024-11-26,11.18,11.27,0.81,11.47,11.54,11.1,-5.13,0.24,1
sz.000002,万科A,2024-11-14,2024-11-20,8.95,8.76,-2.12,9.2,9.27,7.98,-1.51,5.01,6
sz.000063,中兴通讯,2024-11-01,2024-11-04,29.6,30.3,2.36,30.39,30.82,26.97,-3.4,6.05,3
sz.000063,中兴通讯,2024-11-22,2024-11-27,30.95,31.02,0.23,32.09,32.11,28.65,-9.53,7.68,5
sz.000063,中兴通讯,2025-01-06,2025-01-09,34.8,38.37,10.26,37.92,35.56,32.81,-14.93,28.9,3
sz.000063,中兴通讯,2025-02-14,2025-02-17,39.74,40.9,2.92,41.07,41.25,36.35,-4.97,9.79,3
sz.000063,中兴通讯,2025-02-18,2025-02-19,39.29,40.39,2.8,40.33,41.42,36.58,-3.94,9.53,1
sz.000100,TCL科技,2024-10-16,2024-10-21,4.11,4.18,1.7,4.23,4.03,3.9,-6.39,2.83,5
sz.000100,TCL科技,2024-11-14,2024-11-20,4.93,4.82,-2.23,5.17,4.82,4.23,-5.59,5.86,6
sz.000100,TCL科技,2025-01-03,2025-01-07,4.88,5.07,3.89,5.04,5.03,4.8,-9.29,30.59,4
sz.000157,中联重科,2024-04-23,2024-04-30,8.57,8.51,-0.7,9.03,8.66,8.03,-0.46,1.02,7
sz.000157,中联重科,2024-10-16,2024-10-21,6.82,6.84,0.29,6.97,6.57,6.56,-7.48,0.06,5
sz.000157,中联重科,2024-11-15,2024-11-20,7.01,7.08,1.0,7.23,7.1,6.68,-6.1,1.19,5
sz.000157,中联重科,2024-11-22,2024-11-25,6.92,6.95,0.43,7.02,7.14,6.72,-2.1,0.42,3
sz.000157,中联重科,2024-11-26,2024-11-27,6.88,7.08,2.91,6.98,7.15,6.73,-1.39,47.12,1
sz.000157,中联重科,2025-03-20,2025-03-24,8.02,8.02,0.0,8.08,8.02,7.41,-5.28,5.4,4
sz.000166,申万宏源,2024-05-16,2024-05-17,4.6,4.66,1.3,4.66,4.62,4.54,-0.67,27.78,1
sz.000166,申万宏源,2024-08-22,2024-08-23,4.5,4.55,1.11,4.57,4.55,4.44,-13.62,1.75,1
sz.000166,申万宏源,2024-08-28,2024-08-30,4.47,4.52,1.12,4.51,4.56,4.44,-0.05,29.58,2
sz.000166,申万宏源,2024-10-17,2024-10-21,5.1,5.25,2.94,5.21,4.9,4.61,-10.09,0.4,4
sz.000166,申万宏源,2024-11-18,2024-11-21,5.44,5.52,1.47,5.58,5.5,4.98,-7.74,13.28,3
sz.000166,申万宏源,2024-12-17,2024-12-19,5.37,5.37,0.0,5.46,5.41,5.33,-3.49,0.17,2
sz.000301,东方盛虹,2024-10-15,2024-10-22,8.04,8.22,2.24,8.32,7.88,7.8,-3.15,23.6,7
sz.000301,东方盛虹,2024-11-22,2024-11-27,8.77,9.29,5.93,8.98,8.69,8.15,-1.32,14.57,5
sz.000301,东方盛虹,2024-12-17,2024-12-27,8.93,8.47,-5.15,9.27,9.26,8.65,-11.94,9.59,10
sz.000301,东方盛虹,2025-03-14,2025-03-24,9.13,8.73,-4.38,9.32,9.24,8.8,-9.66,0.69,10
sz.000333,美的集团,2024-05-20,2024-05-24,66.57,66.62,0.08,68.91,69.74,65.92,-7.65,1.87,4
sz.000333,美的集团,2024-10-31,2024-11-01,71.42,72.25,1.16,73.68,75.43,67.69,-0.66,9.88,1
sz.000333,美的集团,2025-01-15,2025-01-20,73.82,74.89,1.45,75.57,75.38,73.46,-4.26,10.35,5
sz.000338,潍柴动力,2024-04-25,2024-04-26,17.54,17.66,0.68,17.9,17.67,16.49,-2.1,0.86,1
sz.000338,潍柴动力,2024-04-30,2024-05-06,17.39,17.31,-0.46,17.62,17.85,16.64,-2.14,6.29,6
sz.000338,潍柴动力,2024-10-16,2024-10-21,13.73,13.53,-1.46,14.25,13.47,13.21,-9.31,0.87,5
sz.000338,潍柴动力,2025-03-25,2025-03-28,15.95,16.3,2.19,16.37,16.2,14.96,-0.11,9.02,3
sz.000408,藏格矿业,2024-04-17,2024-04-18,28.9,30.4,5.19,30.83,31.1,28.55,-9.34,8.57,1
sz.000408,藏格矿业,2024-11-15,2024-11-19,28.95,29.6,2.25,29.87,29.23,26.14,-6.52,12.84,4
sz.000408,藏格矿业,2024-11-26,2024-11-27,28.02,28.38,1.28,28.64,29.4,26.84,-6.63,15.09,1
sz.000408,藏格矿业,2025-01-24,2025-01-27,30.15,30.76,2.02,30.78,29.24,28.79,-6.16,5.64,3
sz.000408,藏格矿业,2025-03-26,2025-03-31,35.7,35.84,0.39,36.05,34.95,31.95,-8.62,0.24,5
sz.000425,徐工机械,2024-05-30,2024-06-04,7.35,7.38,0.41,7.65,7.68,6.92,-2.67,13.57,5
sz.000425,徐工机械,2024-11-15,2024-11-25,7.72,7.75,0.39,8.0,7.91,7.18,-13.92,15.04,10
sz.000425,徐工机械,2025-03-18,2025-03-26,8.93,8.67,-2.91,9.15,8.98,8.12,-10.33,8.34,8
sz.000538,云南白药,2024-09-10,2024-09-19,52.64,50.61,-3.86,53.27,53.7,52.33,-3.1,0.73,9
sz.000538,云南白药,2024-10-17,2024-10-21,55.3,57.3,3.62,56.67,54.72,53.41,-9.76,12.83,4
sz.000568,泸州老窖,2024-04-10,2024-04-11,175.7,178.24,1.45,183.55,185.97,168.55,-6.41,2.1,1
sz.000568,泸州老窖,2024-04-12,2024-04-15,170.86,180.94,5.9,176.66,184.85,169.04,-7.67,19.75,3
sz.000568,泸州老窖,2024-05-15,2024-05-16,180.82,185.38,2.52,184.21,183.5,178.86,-7.3,10.11,1
sz.000568,泸州老窖,2024-10-17,2024-10-21,131.19,134.21,2.3,136.63,123.99,124.39,-11.5,2.85,4
sz.000568,泸州老窖,2024-11-22,2024-11-26,136.29,136.87,0.43,140.96,142.44,129.19,-2.32,3.02,4
sz.000568,泸州老窖,2025-03-21,2025-03-27,130.68,134.12,2.63,138.23,131.11,123.64,-0.83,3.4,6
sz.000568,泸州老窖,2025-03-31,2025-04-01,129.72,130.89,0.9,131.97,133.61,123.87,-2.36,5.74,1
sz.000596,古井贡酒,2024-04-10,2024-04-11,255.15,257.13,0.78,259.87,256.56,229.74,-3.98,0.64,1
sz.000596,古井贡酒,2024-04-12,2024-04-15,252.18,262.65,4.15,254.97,257.89,231.15,-9.32,26.74,3
sz.000596,古井贡酒,2024-05-15,2024-05-17,263.13,267.15,1.53,268.63,265.1,249.69,-3.96,13.44,2
sz.000596,古井贡酒,2024-10-17,2024-10-21,184.15,190.45,3.42,189.96,172.55,177.18,-5.41,4.58,4
sz.000596,古井贡酒,2024-11-18,2024-11-20,195.67,196.36,0.35,202.56,199.09,180.73,-1.85,2.58,2
sz.000596,古井贡酒,2024-11-22,2024-11-26,187.0,189.8,1.5,193.61,199.07,181.73,-4.67,10.55,4
sz.000596,古井贡酒,2025-03-21,2025-04-01,175.79,171.31,-2.55,182.67,176.53,170.82,-10.82,6.48,11
sz.000617,中油资本,2024-11-15,2024-11-27,7.85,7.38,-5.99,8.37,8.49,6.84,-1.39,10.77,12
sz.000625,长安汽车,2024-04-23,2024-04-26,16.39,16.57,1.1,16.87,17.39,15.59,-3.29,20.87,3
sz.000625,长安汽车,2024-11-25,2024-11-27,13.9,13.87,-0.22,14.48,14.39,13.23,-4.36,4.97,2
sz.000630,铜陵有色,2024-05-24,2024-05-27,3.95,4.02,1.77,4.1,4.05,3.89,-4.45,3.7,3
sz.000630,铜陵有色,2024-10-16,2024-10-21,3.47,3.52,1.44,3.53,3.32,3.18,-5.26,10.9,5
sz.000630,铜陵有色,2024-11-14,2024-11-20,3.36,3.4,1.19,3.49,3.51,3.3,-7.38,5.24,6
sz.000630,铜陵有色,2025-03-31,2025-04-09,3.43,2.96,-13.7,3.54,3.46,3.34,-5.03,5.95,9
sz.000651,格力电器,2024-04-11,2024-04-12,37.9,38.18,0.74,38.77,38.81,37.24,-3.78,2.7,1
sz.000651,格力电器,2024-05-21,2024-05-27,41.8,41.92,0.29,42.21,41.5,39.91,-5.28,23.33,6
sz.000651,格力电器,2024-05-31,2024-06-03,40.7,41.48,1.92,41.29,42.09,40.25,-0.84,37.88,3
sz.000651,格力电器,2024-10-21,2024-10-22,47.0,47.78,1.66,47.39,45.4,41.8,-1.37,14.42,1
sz.000651,格力电器,2025-01-21,2025-01-23,44.76,44.27,-1.09,45.65,45.81,44.0,-1.07,5.2,2
sz.000661,长春高新,2024-10-17,2024-10-21,98.09,103.52,5.54,101.12,94.17,89.49,-13.75,1.73,4
sz.000661,长春高新,2024-11-25,2024-11-29,108.44,107.22,-1.13,111.48,110.62,97.83,-4.8,5.55,4
sz.000708,中信特钢,2024-10-17,2024-10-21,12.32,12.28,-0.32,12.57,11.84,11.86,-7.16,3.79,4
sz.000725,京东方A,2024-05-15,2024-05-17,4.33,4.41,1.85,4.37,4.33,4.15,-4.37,28.24,2
sz.000725,京东方A,2024-10-17,2024-10-21,4.09,4.23,3.42,4.16,4.03,3.91,-12.68,9.22,4
sz.000725,京东方A,2024-11-14,2024-11-19,4.4,4.4,0.0,4.56,4.45,4.11,-0.08,3.04,5
sz.000725,京东方A,2024-11-22,2024-11-25,4.24,4.2,-0.94,4.37,4.48,4.16,-1.41,0.01,3
sz.000725,京东方A,2024-11-26,2024-11-27,4.19,4.3,2.63,4.28,4.47,4.18,-0.17,24.8,1
sz.000768,中航西飞,2024-04-08,2024-04-09,20.7,20.79,0.43,21.29,21.76,20.68,-1.09,7.51,1
sz.000768,中航西飞,2024-05-24,2024-05-27,23.55,23.79,1.02,24.34,23.55,22.08,-3.43,1.54,3
sz.000768,中航西飞,2024-06-20,2024-06-21,23.59,24.03,1.87,24.28,24.44,22.95,-6.9,2.17,1
sz.000768,中航西飞,2024-06-24,2024-06-26,23.6,23.58,-0.08,24.04,24.44,23.01,-6.65,18.2,2
sz.000768,中航西飞,2024-08-09,2024-08-12,24.99,24.98,-0.04,25.4,25.44,24.6,-2.84,0.59,3
sz.000768,中航西飞,2024-11-01,2024-11-04,27.85,28.7,3.05,28.77,28.68,25.62,-8.89,7.56,3
sz.000768,中航西飞,2024-11-15,2024-11-20,27.47,27.89,1.53,28.97,29.38,26.34,-8.72,8.68,5
sz.000776,广发证券,2024-10-17,2024-10-18,15.42,16.23,5.25,15.62,14.42,12.85,-3.35,6.36,1
sz.000776,广发证券,2024-11-18,2024-11-21,16.65,16.81,0.96,17.19,16.81,14.54,-6.58,6.35,3
sz.000776,广发证券,2024-11-22,2024-11-26,16.09,16.04,-0.31,16.62,16.91,14.85,-3.61,1.14,4
sz.000776,广发证券,2024-12-16,2024-12-23,16.4,16.25,-0.91,16.73,16.58,16.07,-6.52,2.23,7
sz.000786,北新建材,2024-05-24,2024-06-04,33.66,32.85,-2.41,34.52,33.45,30.26,-5.48,18.52,11
sz.000786,北新建材,2024-11-14,2024-11-19,29.76,29.23,-1.78,30.28,31.31,28.12,-8.58,0.38,5
sz.000786,北新建材,2025-01-10,2025-01-14,30.47,30.98,1.67,30.92,29.99,30.04,-0.79,9.63,4
sz.000792,盐湖股份,2024-05-24,2024-05-27,17.19,17.49,1.75,17.71,17.56,16.89,-11.21,7.41,3
sz.000792,盐湖股份,2024-10-17,2024-10-21,16.83,17.22,2.32,17.21,16.3,15.25,-6.76,6.91,4
sz.000792,盐湖股份,2024-11-18,2024-11-19,18.31,18.99,3.71,19.09,18.56,16.48,-11.73,3.13,1
sz.000792,盐湖股份,2024-11-25,2024-11-27,18.17,18.03,-0.77,18.74,18.8,16.88,-4.68,4.56,2
sz.000792,盐湖股份,2024-11-28,2024-11-29,17.66,17.86,1.13,18.0,18.8,17.09,-1.31,3.6,1
sz.000800,一汽解放,2024-10-16,2024-10-22,8.54,8.54,0.0,8.72,8.38,8.05,-9.69,12.06,6
sz.000807,云铝股份,2024-04-23,2024-04-24,13.68,13.91,1.68,14.46,14.24,12.44,-0.82,1.14,1
sz.000807,云铝股份,2024-05-24,2024-05-28,14.09,14.5,2.91,14.63,14.63,13.69,-10.52,9.29,4
sz.000807,云铝股份,2024-10-31,2024-11-01,14.24,14.77,3.72,14.56,14.63,12.78,-2.41,25.09,1
sz.000807,云铝股份,2024-11-15,2024-11-20,14.76,14.16,-4.07,15.2,15.09,13.45,-11.63,9.11,5
sz.000807,云铝股份,2025-02-19,2025-02-20,16.05,16.22,1.06,16.25,16.42,14.98,-1.33,8.19,1
sz.000807,云铝股份,2025-03-21,2025-03-24,17.43,17.9,2.7,17.83,17.5,16.2,-5.84,15.62,3
sz.000858,五粮液,2024-04-09,2024-04-15,146.48,147.32,0.57,152.23,152.22,139.36,-3.33,17.23,6
sz.000858,五粮液,2024-05-15,2024-05-16,151.37,154.05,1.77,152.62,149.92,147.2,-1.09,22.09,1
sz.000858,五粮液,2024-05-28,2024-06-04,150.03,147.78,-1.5,152.3,153.46,149.61,-11.93,16.41,7
sz.000858,五粮液,2024-10-17,2024-10-21,137.95,143.01,3.67,144.6,132.67,126.68,-13.62,6.6,4
sz.000858,五粮液,2024-11-18,2024-11-20,149.33,149.6,0.18,152.47,151.27,135.35,-0.89,6.79,2
sz.000858,五粮液,2024-11-25,2024-11-26,143.8,144.8,0.7,147.25,150.96,137.37,-0.08,6.84,1
sz.000858,五粮液,2025-03-25,2025-04-03,133.56,132.0,-1.17,135.48,134.03,132.95,-1.39,28.79,9
sz.000876,新希望,2024-04-12,2024-04-18,8.99,9.01,0.22,9.39,9.39,8.88,-5.89,9.04,6
sz.000876,新希望,2024-05-31,2024-06-11,10.02,9.91,-1.1,10.17,9.87,9.43,-11.36,24.07,11
sz.000876,新希望,2024-11-15,2024-11-20,9.74,9.83,0.92,10.04,9.91,9.35,-7.03,0.25,5
sz.000876,新希望,2024-11-22,2024-11-25,9.45,9.47,0.21,9.72,9.95,9.38,-4.17,0.43,3
sz.000876,新希望,2024-11-26,2024-11-27,9.4,9.5,1.06,9.59,9.9,9.4,-2.73,18.28,1
sz.000876,新希望,2025-03-04,2025-03-07,9.66,9.79,1.35,9.67,9.4,9.17,-2.19,34.36,3
sz.000876,新希望,2025-03-20,2025-03-24,9.59,9.38,-2.19,9.68,9.76,9.2,-2.55,2.09,4
sz.000895,双汇发展,2024-10-16,2024-10-22,24.88,24.9,0.08,24.94,24.39,23.65,-5.68,22.27,6
sz.000895,双汇发展,2024-11-18,2024-11-19,24.63,24.74,0.45,25.05,24.98,24.26,-4.02,4.1,1
sz.000895,双汇发展,2025-03-13,2025-03-14,26.37,26.52,0.57,26.59,26.47,25.91,-1.51,4.06,1
sz.000895,双汇发展,2025-03-17,2025-03-19,26.33,26.04,-1.1,26.53,26.54,25.93,-2.54,1.62,2
sz.000938,紫光股份,2024-06-24,2024-06-26,22.11,22.47,1.63,23.27,22.69,21.51,-1.73,9.86,2
sz.000938,紫光股份,2024-11-18,2024-11-21,25.46,25.98,2.04,27.42,26.42,22.54,-6.35,0.84,3
sz.000938,紫光股份,2024-11-22,2024-11-27,24.83,24.91,0.32,25.66,26.61,22.94,-8.81,13.63,5
sz.000938,紫光股份,2025-03-04,2025-03-06,29.39,30.72,4.53,30.56,29.89,27.23,-4.02,16.55,2
sz.000963,华东医药,2024-05-22,2024-05-27,32.61,31.93,-2.09,33.07,33.22,32.32,-10.47,6.97,5
sz.000963,华东医药,2024-10-17,2024-10-21,32.12,32.94,2.55,33.02,31.03,29.74,-7.24,3.71,4
sz.000963,华东医药,2024-12-13,2024-12-19,36.76,36.19,-1.55,37.21,36.76,34.15,-2.19,5.53,6
sz.000963,华东医药,2024-12-23,2024-12-24,35.51,36.05,1.52,35.93,36.88,34.98,-1.15,17.12,1
sz.000975,山金国际,2024-04-23,2024-04-24,17.91,18.56,3.63,19.07,18.58,16.25,-6.99,1.51,1
sz.000975,山金国际,2024-10-31,2024-11-05,18.06,18.17,0.61,18.42,18.32,17.33,-0.96,15.6,5
sz.000975,山金国际,2025-02-21,2025-03-04,16.99,16.64,-2.06,17.32,17.16,16.67,-6.96,26.97,11
sz.000977,浪潮信息,2024-04-09,2024-04-15,38.47,37.75,-1.87,40.64,41.06,35.73,-4.95,1.4,6
sz.000977,浪潮信息,2024-04-16,2024-04-17,36.67,38.25,4.31,37.43,40.32,36.35,-3.66,21.9,1
sz.000977,浪潮信息,2024-11-25,2024-11-27,46.45,46.62,0.37,48.24,48.79,40.43,-2.1,7.14,2
sz.000977,浪潮信息,2024-12-16,2024-12-18,45.6,46.54,2.06,46.55,47.13,44.24,-0.88,21.13,2
sz.000977,浪潮信息,2025-02-28,2025-03-05,59.21,60.0,1.33,63.84,61.68,53.31,-6.09,6.54,5
sz.000983,山西焦煤,2024-10-16,2024-10-21,8.51,8.58,0.82,8.68,8.15,8.07,-4.58,11.15,5
sz.000999,华润三九,2024-05-23,2024-05-24,59.91,60.79,1.47,61.18,61.14,56.52,-7.52,2.84,1
sz.000999,华润三九,2024-10-17,2024-10-21,44.55,46.88,5.23,46.2,42.81,43.01,-0.62,6.39,4
sz.000999,华润三九,2024-11-22,2024-11-27,45.69,46.25,1.23,47.16,47.3,45.18,-5.47,12.8,5
sz.001289,龙源电力,2024-11-15,2024-11-18,17.48,18.07,3.38,18.08,17.66,16.1,-3.2,17.31,3
sz.001289,龙源电力,2024-11-22,2024-11-27,17.23,17.07,-0.93,17.75,17.89,16.17,-1.21,5.78,5
sz.001965,招商公路,2024-04-26,2024-04-30,11.46,11.08,-3.32,11.69,11.63,10.96,-2.32,9.48,4
sz.001965,招商公路,2025-01-21,2025-01-22,12.76,12.77,0.08,13.08,13.39,12.52,-0.09,2.71,1
sz.001965,招商公路,2025-01-24,2025-01-27,12.61,12.85,1.9,12.79,13.26,12.56,-2.44,13.33,3
sz.001979,招商蛇口,2024-04-02,2024-04-15,9.04,8.27,-8.52,9.46,9.29,8.98,-3.31,4.25,13
sz.001979,招商蛇口,2024-05-28,2024-06-03,9.98,9.88,-1.0,10.21,9.73,9.18,-3.64,0.95,6
sz.001979,招商蛇口,2024-11-14,2024-11-20,11.22,11.02,-1.78,11.69,11.44,10.22,-5.93,1.01,6
sz.001979,招商蛇口,2024-11-22,2024-11-25,10.53,10.66,1.23,10.86,11.4,10.42,-0.94,8.84,3
sz.001979,招商蛇口,2024-12-11,2024-12-19,11.24,10.65,-5.25,11.26,11.24,10.94,-1.33,2.79,8
sz.002001,新和成,2024-05-23,2024-05-29,19.52,18.92,-3.07,19.76,19.44,18.04,-4.23,2.14,6
sz.002001,新和成,2024-07-29,2024-07-30,20.11,19.9,-1.04,20.16,20.08,19.61,-1.1,0.76,1
sz.002001,新和成,2024-10-28,2024-11-01,22.92,23.31,1.7,23.7,22.76,20.77,-0.78,9.21,4
sz.002001,新和成,2024-11-15,2024-11-20,22.41,22.39,-0.09,22.98,23.35,21.35,-8.66,3.58,5
sz.002001,新和成,2024-11-22,2024-11-25,21.7,21.78,0.37,22.19,22.92,21.54,-1.08,10.8,3
sz.002001,新和成,2025-02-14,2025-02-17,21.97,21.99,0.09,22.19,22.14,21.94,-2.88,9.34,3
sz.002007,华兰生物,2024-10-16,2024-10-21,15.89,16.18,1.83,16.25,15.51,15.69,-5.21,2.14,5
sz.002007,华兰生物,2024-11-18,2024-11-20,16.76,17.17,2.45,17.27,16.97,15.91,-7.91,7.12,2
sz.002007,华兰生物,2024-11-25,2024-11-27,16.45,16.71,1.58,16.94,17.06,16.03,-6.5,16.07,2
sz.002027,分众传媒,2024-11-18,2024-11-19,7.15,7.19,0.56,7.26,7.36,6.47,-0.61,4.02,1
sz.002027,分众传媒,2024-11-26,2024-11-27,6.87,6.97,1.46,7.04,7.26,6.62,-3.17,15.31,1
sz.002028,思源电气,2024-05-22,2024-05-24,68.61,70.53,2.8,70.41,68.56,62.99,-1.51,22.44,2
sz.002028,思源电气,2024-11-18,2024-11-19,76.15,76.37,0.29,77.73,77.6,71.37,-1.92,4.42,1
sz.002049,紫光国微,2024-10-31,2024-11-05,66.98,68.16,1.76,68.1,67.38,54.51,-0.95,38.01,5
sz.002049,紫光国微,2024-11-19,2024-11-20,67.66,67.43,-0.34,69.41,69.45,58.65,-0.23,0.46,1
sz.002049,紫光国微,2024-11-22,2024-11-27,64.76,65.1,0.53,66.58,68.98,59.61,-8.41,13.64,5
sz.002049,紫光国微,2025-03-19,2025-03-25,67.91,68.39,0.71,68.94,67.38,64.33,-12.81,35.42,6
sz.002050,三花智控,2024-06-19,2024-07-02,22.51,19.39,-13.86,23.28,22.91,22.5,-3.43,16.77,13
sz.002050,三花智控,2024-10-17,2024-10-18,21.08,22.45,6.5,21.41,20.35,18.32,-6.34,8.74,1
sz.002050,三花智控,2024-11-26,2024-11-27,22.07,22.5,1.95,23.63,24.08,21.28,-5.74,8.36,1
sz.002050,三花智控,2024-12-16,2024-12-19,23.77,24.14,1.56,24.65,24.12,22.91,-0.24,3.16,3
sz.002050,三花智控,2025-03-03,2025-03-04,30.52,31.02,1.64,32.4,33.19,27.93,-1.3,4.06,1
sz.002074,国轩高科,2024-05-31,2024-06-04,20.3,20.69,1.92,20.68,20.1,19.86,-6.45,15.09,4
sz.002074,国轩高科,2024-10-17,2024-10-21,20.69,22.16,7.1,21.3,20.39,19.28,-9.27,12.62,4
sz.002074,国轩高科,2024-11-18,2024-11-19,23.21,23.97,3.27,24.15,23.46,20.86,-2.92,10.91,1
sz.002074,国轩高科,2025-03-10,2025-03-11,23.11,23.16,0.22,23.31,22.9,21.88,-2.12,1.48,1
sz.002074,国轩高科,2025-03-13,2025-03-14,22.94,23.22,1.22,23.07,23.06,21.9,-0.22,22.04,1
sz.002129,TCL中环,2024-10-16,2024-10-21,9.04,9.81,8.52,9.4,8.75,8.36,-2.14,24.51,5
sz.002129,TCL中环,2024-11-18,2024-11-19,10.57,10.8,2.18,11.32,11.61,9.48,-4.15,2.89,1
sz.002129,TCL中环,2024-11-22,2024-11-25,10.15,10.19,0.39,10.61,11.54,9.66,-1.46,0.81,3
sz.002129,TCL中环,2024-11-26,2024-11-27,10.1,10.35,2.48,10.4,11.32,9.75,-0.01,16.86,1
sz.002142,宁波银行,2024-05-29,2024-06-12,24.68,22.85,-7.41,25.16,24.54,22.46,-4.49,1.67,14
sz.002142,宁波银行,2024-11-01,2024-11-04,25.5,25.87,1.45,25.82,25.94,22.16,-11.2,10.45,3
sz.002142,宁波银行,2024-11-15,2024-11-25,25.24,24.14,-4.36,25.56,26.02,23.02,-1.03,5.15,10
sz.002142,宁波银行,2025-04-03,2025-04-08,25.36,23.57,-7.06,25.78,25.59,25.22,-5.72,0.67,5
sz.002179,中航光电,2024-05-24,2024-05-27,35.23,35.6,1.05,36.16,35.51,34.75,-15.64,0.91,3
sz.002179,中航光电,2024-06-24,2024-06-26,37.33,37.43,0.27,37.77,36.99,35.34,-0.98,8.52,2
sz.002179,中航光电,2024-08-05,2024-08-06,37.08,38.88,4.85,38.24,37.54,37.08,-2.66,30.72,1
sz.002179,中航光电,2024-11-15,2024-11-20,41.31,41.52,0.51,43.58,44.2,40.49,-10.6,4.62,5
sz.002180,纳思达,2024-05-31,2024-06-03,27.2,27.13,-0.26,27.44,27.1,24.97,-2.74,7.54,3
sz.002180,纳思达,2024-10-17,2024-10-21,27.59,28.6,3.66,28.72,26.95,25.73,-10.47,2.75,4
sz.002180,纳思达,2024-11-15,2024-11-20,27.56,27.62,0.22,29.57,28.75,26.6,-4.33,0.02,5
sz.002230,科大讯飞,2024-12-17,2024-12-19,49.94,51.59,3.3,51.39,50.49,46.58,-9.93,7.08,2
sz.002230,科大讯飞,2025-02-28,2025-03-06,51.8,53.29,2.88,54.91,54.06,50.73,-3.2,9.16,6
sz.002236,大华股份,2024-10-17,2024-10-21,15.91,16.89,6.16,16.06,15.28,14.41,-7.4,28.24,4
sz.002236,大华股份,2024-11-22,2024-11-27,16.43,16.24,-1.16,16.89,17.04,15.57,-7.06,4.58,5
sz.002236,大华股份,2025-02-28,2025-03-06,16.44,18.18,10.58,17.37,16.86,16.23,-3.68,66.55,6
sz.002236,大华股份,2025-03-21,2025-04-01,17.85,16.87,-5.49,18.83,18.13,16.69,-9.89,2.66,11
sz.002241,歌尔股份,2024-07-25,2024-07-29,21.5,21.51,0.05,22.23,21.28,18.53,-1.12,0.71,4
sz.002241,歌尔股份,2024-07-30,2024-07-31,21.23,21.52,1.37,21.52,21.56,18.8,-2.74,4.54,1
sz.002241,歌尔股份,2024-11-26,2024-11-27,23.06,24.99,8.37,24.23,24.26,22.0,-9.85,18.19,1
sz.002241,歌尔股份,2025-01-02,2025-01-07,24.95,25.44,1.96,26.67,26.65,24.86,-2.54,12.2,5
sz.002241,歌尔股份,2025-02-18,2025-02-19,27.7,28.54,3.03,28.28,27.41,26.28,-9.0,10.07,1
sz.002252,上海莱士,2024-05-20,2024-05-27,7.31,7.11,-2.74,7.39,7.27,7.16,-1.79,2.19,7
sz.002252,上海莱士,2024-11-18,2024-11-19,7.44,7.57,1.75,7.58,7.5,7.26,-1.73,9.9,1
sz.002271,东方雨虹,2024-11-15,2024-11-21,14.13,13.88,-1.77,14.74,14.38,12.36,-4.35,4.29,6
sz.002271,东方雨虹,2024-11-22,2024-11-26,13.35,13.35,0.0,13.82,14.45,12.61,-5.56,3.06,4
sz.002304,洋河股份,2024-10-16,2024-10-21,83.72,85.19,1.76,85.99,81.72,80.04,-7.85,4.7,5
sz.002304,洋河股份,2024-11-22,2024-11-27,84.5,85.43,1.1,86.75,87.12,82.95,-8.33,6.66,5
sz.002311,海大集团,2024-05-24,2024-05-27,51.82,52.94,2.16,52.52,51.56,46.73,-1.28,32.5,3
sz.002311,海大集团,2024-06-06,2024-06-07,49.5,49.24,-0.53,50.3,52.07,48.0,-0.09,0.92,1
sz.002311,海大集团,2024-10-17,2024-10-21,40.99,44.66,8.95,42.67,40.25,40.48,-13.35,34.45,4
sz.002311,海大集团,2024-11-18,2024-11-20,46.58,46.78,0.43,47.66,46.83,41.87,-6.1,0.43,2
sz.002311,海大集团,2024-11-22,2024-11-25,45.66,46.13,1.03,46.51,46.97,42.36,-1.53,2.84,3
sz.002311,海大集团,2025-01-03,2025-01-06,47.09,47.68,1.25,48.22,48.17,46.78,-3.05,13.32,3
sz.002352,顺丰控股,2024-11-15,2024-11-25,42.92,42.0,-2.14,44.2,44.22,39.98,-5.81,8.33,10
sz.002352,顺丰控股,2025-03-25,2025-03-31,42.3,43.12,1.94,42.82,42.56,40.96,-4.34,37.27,6
sz.002371,北方华创,2024-04-11,2024-04-15,290.77,313.02,7.65,295.8,300.42,271.61,-2.78,64.24,4
sz.002371,北方华创,2024-11-22,2024-11-27,422.53,415.91,-1.57,429.85,423.82,363.07,-6.95,14.5,5
sz.002371,北方华创,2025-03-04,2025-03-06,430.51,462.38,7.4,447.55,432.32,406.29,-6.93,38.09,2
sz.002371,北方华创,2025-03-20,2025-03-24,428.96,429.4,0.1,435.52,447.01,415.39,-4.07,28.63,4
sz.002415,海康威视,2024-10-16,2024-10-21,28.28,30.73,8.66,29.8,28.03,27.81,-4.65,27.23,5
sz.002415,海康威视,2024-11-18,2024-11-20,30.72,31.1,1.24,31.67,31.15,28.66,-2.82,3.17,2
sz.002415,海康威视,2024-11-22,2024-11-27,30.02,30.02,0.0,30.76,31.14,28.93,-10.04,7.19,5
sz.002415,海康威视,2025-03-21,2025-03-31,31.33,30.7,-2.01,32.65,32.24,30.7,-11.54,2.96,10
sz.002422,科伦药业,2024-05-23,2024-05-24,33.25,33.47,0.66,33.7,33.39,30.5,-4.64,1.3,1
sz.002422,科伦药业,2024-05-28,2024-05-30,32.93,32.3,-1.91,33.3,33.8,30.85,-1.88,5.19,2
sz.002459,晶澳科技,2024-12-10,2024-12-12,15.71,15.88,1.08,16.16,16.81,15.13,-6.34,1.23,2
sz.002459,晶澳科技,2024-12-13,2024-12-19,15.45,14.81,-4.14,15.73,16.56,15.41,-6.32,7.01,6
sz.002460,赣锋锂业,2024-10-17,2024-10-21,29.96,31.62,5.54,30.93,29.62,27.86,-13.47,3.17,4
sz.002460,赣锋锂业,2024-12-10,2024-12-12,38.95,39.62,1.72,39.75,41.04,34.78,-2.53,10.37,2
sz.002460,赣锋锂业,2024-12-13,2024-12-19,38.22,36.43,-4.68,39.03,40.62,35.41,-0.98,2.11,6
sz.002460,赣锋锂业,2025-03-13,2025-03-14,36.1,36.73,1.75,36.46,36.34,35.7,-4.59,14.67,1
sz.002463,沪电股份,2024-04-11,2024-04-12,28.79,30.24,5.04,29.46,30.73,26.24,-1.5,27.59,1
sz.002463,沪电股份,2024-05-14,2024-05-15,31.38,31.86,1.53,31.83,31.42,29.68,-2.27,4.01,1
sz.002463,沪电股份,2024-05-29,2024-05-30,31.09,31.15,0.19,31.55,32.2,30.92,-5.82,6.58,1
sz.002463,沪电股份,2024-07-19,2024-07-26,35.3,33.52,-5.04,37.27,37.79,34.66,-4.96,0.05,7
sz.002463,沪电股份,2024-11-01,2024-11-04,39.42,40.78,3.45,40.92,41.91,35.75,-9.4,2.53,3
sz.002466,天齐锂业,2024-10-17,2024-10-21,31.78,33.92,6.73,32.82,30.39,28.23,-8.9,10.29,4
sz.002466,天齐锂业,2024-12-04,2024-12-05,37.0,37.12,0.32,37.78,39.32,34.18,-1.47,0.36,1
sz.002475,立讯精密,2024-05-29,2024-05-30,31.18,32.26,3.46,31.64,31.0,29.26,-0.45,35.37,1
sz.002475,立讯精密,2024-07-23,2024-07-26,38.43,37.92,-1.33,40.26,40.04,35.03,-8.12,5.28,3
sz.002475,立讯精密,2024-10-31,2024-11-04,42.22,42.81,1.4,43.12,43.53,39.14,-1.06,3.77,4
sz.002475,立讯精密,2025-03-04,2025-03-12,41.85,40.55,-3.11,43.37,43.26,41.23,-10.12,10.03,8
sz.002493,荣盛石化,2024-05-14,2024-05-27,10.95,10.5,-4.11,11.18,11.19,10.81,-3.32,9.32,13
sz.002493,荣盛石化,2024-10-16,2024-10-21,9.04,9.12,0.88,9.38,9.04,8.95,-12.55,6.52,5
sz.002493,荣盛石化,2024-11-22,2024-11-27,9.44,9.63,2.01,9.86,9.8,9.23,-12.84,11.6,5
sz.002594,比亚迪,2024-04-23,2024-04-24,205.04,207.42,1.16,210.07,211.24,197.46,-1.11,6.66,1
sz.002594,比亚迪,2024-05-16,2024-05-20,218.31,222.87,2.09,223.17,218.2,207.33,-4.85,21.75,4
sz.002594,比亚迪,2024-05-23,2024-05-29,214.95,224.7,4.54,218.62,220.01,210.39,-0.01,65.5,6
sz.002594,比亚迪,2024-07-02,2024-07-03,243.97,243.1,-0.36,248.65,248.14,227.62,-0.66,1.01,1
sz.002594,比亚迪,2024-07-24,2024-07-26,249.99,254.95,1.98,258.86,253.03,239.25,-1.83,5.51,2
sz.002594,比亚迪,2024-07-29,2024-07-31,249.1,247.05,-0.82,251.53,253.42,240.84,-2.16,2.14,2
sz.002594,比亚迪,2024-10-17,2024-10-18,289.42,300.3,3.76,296.85,280.06,255.26,-2.14,3.39,1
sz.002594,比亚迪,2024-11-01,2024-11-04,290.31,306.98,5.74,299.91,303.61,264.13,-5.24,42.58,3
sz.002594,比亚迪,2024-11-18,2024-11-19,288.68,287.99,-0.24,294.96,300.68,276.56,-3.28,4.67,1
sz.002594,比亚迪,2025-03-04,2025-03-05,344.84,353.96,2.64,362.89,349.77,302.39,-2.73,6.79,1
sz.002594,比亚迪,2025-04-01,2025-04-09,365.5,324.6,-11.19,377.08,370.82,332.02,-3.09,3.84,8
sz.002601,龙佰集团,2024-05-30,2024-06-03,21.05,21.05,0.0,21.68,21.84,20.16,-2.06,3.97,4
sz.002601,龙佰集团,2024-10-16,2024-10-21,18.87,18.9,0.16,19.21,18.1,17.03,-5.96,6.76,5
sz.002601,龙佰集团,2024-11-15,2024-11-19,18.78,19.0,1.17,19.22,19.41,17.88,-9.34,3.16,4
sz.002601,龙佰集团,2024-11-25,2024-11-26,18.31,18.34,0.16,18.74,19.19,18.17,-3.43,1.66,1
sz.002648,卫星化学,2024-05-16,2024-05-17,18.77,18.91,0.75,19.32,19.2,17.89,-1.96,9.11,1
sz.002648,卫星化学,2024-10-17,2024-10-21,17.79,18.29,2.81,18.25,16.87,16.51,-1.93,14.53,4
sz.002648,卫星化学,2024-11-13,2024-11-14,18.57,18.94,1.99,18.79,18.89,17.14,-2.17,18.97,1
sz.002648,卫星化学,2024-11-22,2024-11-26,17.85,17.74,-0.62,18.22,18.83,17.42,-4.2,8.79,4
sz.002709,天赐材料,2024-04-18,2024-04-26,22.48,20.86,-7.21,23.26,22.98,21.27,-2.05,14.0,8
sz.002709,天赐材料,2024-10-16,2024-10-21,15.88,16.69,5.1,16.61,15.51,15.01,-1.02,4.04,5
sz.002709,天赐材料,2024-12-05,2024-12-06,22.55,22.99,1.95,23.48,23.39,18.77,-12.17,0.92,1
sz.002709,天赐材料,2024-12-10,2024-12-12,22.38,22.27,-0.49,22.65,23.33,19.2,-1.25,0.43,2
sz.002709,天赐材料,2025-03-11,2025-03-14,20.4,20.14,-1.27,20.58,20.26,19.88,-3.36,9.03,3
sz.002714,牧原股份,2024-04-15,2024-04-16,42.48,42.82,0.8,43.23,42.52,39.16,-5.38,0.22,1
sz.002714,牧原股份,2024-11-14,2024-11-20,43.11,42.03,-2.51,44.22,43.88,41.22,-6.72,0.07,6
sz.002736,国信证券,2024-05-16,2024-05-17,8.77,8.96,2.17,8.9,8.87,8.63,-1.78,37.7,1
sz.002812,恩捷股份,2024-10-17,2024-10-21,31.09,32.67,5.08,32.35,29.73,28.59,-6.12,3.56,4
sz.002812,恩捷股份,2024-12-04,2024-12-06,35.67,36.6,2.61,36.85,38.6,33.52,-5.18,9.22,2
sz.002916,深南电路,2024-05-15,2024-05-16,87.18,88.68,1.72,88.51,89.48,83.54,-7.99,1.36,1
sz.002916,深南电路,2024-07-23,2024-07-31,114.65,110.67,-3.47,120.23,114.35,101.4,-4.4,8.53,8
sz.002916,深南电路,2025-01-06,2025-01-07,117.68,125.27,6.45,122.51,114.26,108.08,-10.33,19.85,1
sz.002916,深南电路,2025-02-28,2025-03-05,130.89,125.26,-4.3,143.33,139.72,124.07,-11.22,0.2,5
sz.002920,德赛西威,2024-10-17,2024-10-18,111.33,118.63,6.56,114.04,106.7,96.41,-4.16,6.7,1
sz.002920,德赛西威,2025-02-28,2025-03-06,123.69,124.8,0.9,130.64,127.71,117.6,-3.37,3.49,6
sz.002938,鹏鼎控股,2024-04-02,2024-04-09,22.41,21.9,-2.28,22.89,22.87,20.72,-4.95,2.91,7
sz.002938,鹏鼎控股,2024-04-10,2024-04-12,21.38,21.99,2.85,21.83,22.84,20.74,-0.13,18.87,2
sz.002938,鹏鼎控股,2024-07-23,2024-07-25,36.25,35.58,-1.85,37.42,39.12,33.17,-7.05,3.01,2
sz.002938,鹏鼎控股,2025-03-03,2025-03-05,38.38,39.4,2.66,41.3,41.26,38.26,-6.53,6.49,2
sz.003816,中国广核,2024-08-01,2024-08-06,4.75,4.72,-0.63,4.91,4.95,4.52,-1.61,1.79,5
sz.300014,亿纬锂能,2024-10-17,2024-10-21,42.28,45.84,8.42,44.51,40.01,37.35,-4.27,8.15,4
sz.300014,亿纬锂能,2024-11-18,2024-11-19,47.98,50.99,6.27,51.34,49.48,41.41,-2.0,11.49,1
sz.300014,亿纬锂能,2024-11-26,2024-11-27,46.9,48.95,4.37,48.81,49.96,42.83,-5.03,30.92,1
sz.300014,亿纬锂能,2024-12-13,2024-12-19,46.9,46.96,0.13,48.51,48.69,46.22,-4.6,5.55,6
sz.300014,亿纬锂能,2025-03-26,2025-04-07,48.35,39.4,-18.51,49.73,49.77,46.31,-2.01,5.72,12
sz.300015,爱尔眼科,2024-10-17,2024-10-18,14.0,15.0,7.14,14.04,12.41,10.95,-1.68,5.72,1
sz.300015,爱尔眼科,2024-11-22,2024-11-27,14.28,14.44,1.12,14.93,15.24,12.91,-7.97,14.35,5
sz.300015,爱尔眼科,2025-03-13,2025-03-14,13.57,14.37,5.9,13.81,13.84,13.37,-2.18,66.41,1
sz.300015,爱尔眼科,2025-03-26,2025-03-27,13.5,13.63,0.96,13.69,13.96,13.32,-9.22,6.31,1
sz.300033,同花顺,2024-12-13,2024-12-19,306.9,305.0,-0.62,321.17,310.89,237.66,-5.52,1.5,6
sz.300059,东方财富,2024-12-16,2024-12-20,25.75,26.11,1.4,27.14,26.86,23.12,-8.12,5.59,4
sz.300122,智飞生物,2024-10-17,2024-10-18,29.94,32.52,8.62,30.67,27.07,25.55,-1.3,6.92,1
sz.300122,智飞生物,2024-10-30,2024-11-04,28.43,28.72,1.02,30.49,31.62,26.21,-3.23,7.4,5
sz.300122,智飞生物,2024-11-22,2024-11-25,28.22,29.26,3.69,29.44,29.91,27.4,-6.25,10.33,3
sz.300124,汇川技术,2024-10-17,2024-10-21,55.1,58.0,5.26,57.01,52.77,47.05,-11.8,2.89,4
sz.300124,汇川技术,2024-11-18,2024-11-20,57.06,59.64,4.52,59.78,58.86,51.74,-11.24,14.03,2
sz.300124,汇川技术,2024-12-13,2024-12-19,60.5,59.83,-1.11,61.73,60.41,57.61,-6.99,2.4,6
sz.300124,汇川技术,2025-03-17,2025-03-19,70.41,72.74,3.31,73.86,74.28,65.54,-0.95,10.93,2
sz.300124,汇川技术,2025-03-21,2025-03-24,69.43,69.94,0.73,71.0,74.23,66.3,-1.11,3.42,3
sz.300124,汇川技术,2025-03-25,2025-03-27,68.65,68.75,0.15,70.46,73.73,66.62,-0.59,5.68,2
sz.300274,阳光电源,2024-04-11,2024-04-15,98.79,99.73,0.95,101.77,104.1,92.94,-4.99,9.83,4
sz.300274,阳光电源,2024-10-17,2024-10-18,86.56,94.5,9.17,92.19,87.3,76.46,-3.0,5.44,1
sz.300308,中际旭创,2024-05-14,2024-05-17,165.43,170.58,3.11,171.23,172.36,163.88,-9.15,10.94,3
sz.300308,中际旭创,2024-10-29,2024-11-04,143.47,143.15,-0.22,152.73,155.02,127.59,-8.0,4.82,6
sz.300316,晶盛机电,2024-11-04,2024-11-05,34.3,35.58,3.73,34.84,35.46,28.28,-5.99,15.88,1
sz.300316,晶盛机电,2024-11-22,2024-11-27,34.1,34.8,2.05,35.38,36.31,30.51,-8.46,7.88,5
sz.300316,晶盛机电,2025-03-28,2025-04-01,32.6,32.3,-0.92,33.13,33.64,32.0,-2.57,8.54,4
sz.300347,泰格医药,2024-04-19,2024-04-23,49.64,53.09,6.95,52.72,52.62,47.61,-6.07,18.23,4
sz.300347,泰格医药,2024-05-17,2024-05-20,56.99,58.41,2.49,57.77,56.53,51.33,-5.51,8.12,3
sz.300347,泰格医药,2024-05-23,2024-05-27,55.11,55.33,0.4,57.11,57.77,52.24,-2.71,14.37,4
sz.300347,泰格医药,2024-08-15,2024-08-16,52.6,53.58,1.86,53.24,53.35,52.27,-5.03,7.64,1
sz.300347,泰格医药,2024-10-17,2024-10-21,59.72,65.91,10.37,61.59,57.92,53.67,-11.75,18.35,4
sz.300347,泰格医药,2024-11-01,2024-11-05,62.53,67.99,8.73,66.0,66.19,56.37,-6.66,28.25,4
sz.300347,泰格医药,2024-11-18,2024-11-20,60.05,65.2,8.58,64.56,66.32,58.46,-6.28,27.74,2
sz.300394,天孚通信,2024-11-15,2024-11-20,115.56,120.05,3.89,126.62,128.7,99.36,-12.26,7.94,5
sz.300394,天孚通信,2024-11-22,2024-11-25,110.06,104.5,-5.05,114.63,126.49,101.61,-1.67,1.08,3
sz.300408,三环集团,2024-06-20,2024-06-24,29.02,29.35,1.14,29.85,29.42,27.29,-16.57,7.83,4
sz.300408,三环集团,2024-06-25,2024-06-26,28.55,28.91,1.26,29.13,29.49,27.48,-0.99,5.19,1
sz.300408,三环集团,2024-10-17,2024-10-18,34.29,36.25,5.72,34.97,33.0,31.81,-7.7,0.69,1
sz.300408,三环集团,2024-11-15,2024-11-19,35.53,36.9,3.86,36.96,37.04,33.52,-10.84,18.83,4
sz.300408,三环集团,2025-03-12,2025-03-14,38.6,39.05,1.17,39.54,39.12,38.31,-2.38,13.22,2
sz.300413,芒果超媒,2024-10-17,2024-10-21,23.19,24.99,7.76,23.47,21.88,20.38,-9.42,22.1,4
sz.300413,芒果超媒,2024-12-23,2024-12-27,28.38,27.99,-1.37,29.39,29.37,26.96,-1.25,4.97,4
sz.300418,昆仑万维,2024-11-01,2024-11-05,38.19,41.08,7.57,40.98,39.84,31.61,-4.54,27.39,4
sz.300418,昆仑万维,2024-12-16,2024-12-20,43.78,43.92,0.32,46.35,45.51,40.75,-8.13,4.3,4
sz.300433,蓝思科技,2024-07-23,2024-07-26,17.88,17.68,-1.12,18.74,18.68,16.46,-6.96,1.73,3
sz.300433,蓝思科技,2024-11-01,2024-11-05,21.51,22.77,5.86,22.46,22.12,18.41,-6.18,41.26,4
sz.300433,蓝思科技,2024-11-18,2024-11-19,21.07,21.69,2.94,22.38,22.56,19.39,-3.01,3.94,1
sz.300433,蓝思科技,2024-11-21,2024-11-26,21.08,19.9,-5.6,21.38,22.25,19.6,-0.28,3.87,5
sz.300433,蓝思科技,2025-02-28,2025-03-04,26.81,27.73,3.43,28.84,28.07,24.31,-3.09,4.17,4
sz.300433,蓝思科技,2025-03-19,2025-03-20,25.89,26.14,0.97,26.13,27.96,25.56,-1.94,0.69,1
sz.300442,润泽科技,2024-04-03,2024-04-11,26.53,26.77,0.9,29.43,27.67,24.25,-5.34,0.1,8
sz.300442,润泽科技,2024-05-10,2024-05-14,28.74,29.92,4.11,29.75,29.2,26.86,-2.2,11.25,4
sz.300442,润泽科技,2024-11-01,2024-11-04,30.88,31.4,1.68,32.48,32.68,25.98,-2.67,2.17,3
sz.300442,润泽科技,2025-01-03,2025-01-08,48.26,49.09,1.72,51.79,48.71,38.09,-12.82,1.65,5
sz.300442,润泽科技,2025-02-19,2025-02-20,56.18,57.15,1.73,57.1,57.51,48.29,-0.26,13.54,1
sz.300442,润泽科技,2025-03-21,2025-03-31,60.49,57.14,-5.54,63.42,65.35,58.87,-8.28,9.37,10
sz.300450,先导智能,2024-10-17,2024-10-18,17.15,18.51,7.93,17.73,16.19,15.75,-5.56,1.14,1
sz.300450,先导智能,2024-11-28,2024-11-29,23.36,23.62,1.11,23.85,23.01,18.62,-0.08,4.31,1
sz.300450,先导智能,2025-03-21,2025-03-24,22.09,21.71,-1.72,22.83,23.31,21.28,-4.39,1.29,3
sz.300498,温氏股份,2024-05-31,2024-06-03,21.41,21.75,1.59,21.86,21.2,19.67,-1.53,10.63,3
sz.300498,温氏股份,2024-11-15,2024-11-20,18.03,17.95,-0.44,18.65,18.87,17.95,-12.54,1.2,5
sz.300502,新易盛,2024-05-15,2024-05-16,80.77,82.73,2.43,82.48,78.27,70.96,-1.53,13.14,1
sz.300502,新易盛,2024-06-28,2024-07-01,105.55,110.33,4.53,107.22,102.33,86.45,-6.42,15.64,3
sz.300502,新易盛,2024-07-23,2024-07-26,102.19,95.37,-6.67,106.41,110.86,98.45,-8.28,1.15,3
sz.300502,新易盛,2024-10-30,2024-10-31,130.0,130.17,0.13,135.75,137.32,109.37,-2.39,3.69,1
sz.300628,亿联网络,2024-05-23,2024-05-27,36.87,37.36,1.33,37.46,37.18,31.76,-11.31,9.82,4
sz.300628,亿联网络,2024-06-27,2024-06-28,36.09,36.77,1.88,36.7,37.09,35.44,-3.15,14.62,1
sz.300628,亿联网络,2024-10-17,2024-10-21,38.18,40.19,5.26,39.76,38.07,35.02,-2.66,6.21,4
sz.300628,亿联网络,2025-02-14,2025-02-20,41.04,41.08,0.1,41.88,40.69,39.21,-3.62,11.97,6
sz.300661,圣邦股份,2024-05-23,2024-05-27,74.17,74.55,0.51,74.9,74.71,69.65,-5.19,5.59,4
sz.300661,圣邦股份,2024-07-02,2024-07-08,76.85,75.92,-1.21,81.74,82.24,74.54,-12.7,7.25,6
sz.300661,圣邦股份,2024-11-01,2024-11-04,87.32,88.55,1.41,89.98,93.82,77.72,-3.26,4.99,3
sz.300661,圣邦股份,2024-11-18,2024-11-19,85.35,88.85,4.1,91.54,92.43,81.61,-6.36,4.39,1
sz.300661,圣邦股份,2024-11-25,2024-11-26,84.34,85.3,1.14,87.55,90.74,83.29,-0.78,3.55,1
sz.300661,圣邦股份,2025-02-28,2025-03-03,88.38,92.23,4.36,94.36,94.23,88.07,-5.04,5.2,3
sz.300661,圣邦股份,2025-03-18,2025-03-27,94.04,89.12,-5.23,94.73,96.33,89.29,-1.49,17.48,9
sz.300750,宁德时代,2024-05-31,2024-06-03,197.76,202.5,2.4,198.74,201.89,192.7,-6.31,35.52,3
sz.300750,宁德时代,2024-10-17,2024-10-18,231.5,249.89,7.94,239.62,220.07,193.93,-7.61,3.67,1
sz.300750,宁德时代,2024-11-26,2024-11-27,256.72,259.9,1.24,263.15,262.0,231.1,-5.93,14.85,1
sz.300759,康龙化成,2024-08-12,2024-08-16,20.77,20.75,-0.1,21.4,21.07,20.24,-13.51,10.71,4
sz.300759,康龙化成,2024-10-17,2024-10-21,25.51,28.3,10.94,27.12,25.17,22.01,-7.41,8.79,4
sz.300759,康龙化成,2024-11-15,2024-11-20,28.41,28.64,0.81,30.28,29.92,25.06,-3.43,4.94,5
sz.300759,康龙化成,2024-11-22,2024-11-25,26.72,26.95,0.86,27.87,29.6,25.69,-2.06,6.2,3
sz.300760,迈瑞医疗,2024-05-27,2024-05-29,301.19,299.34,-0.61,304.75,304.99,292.33,-0.88,0.91,2
sz.300760,迈瑞医疗,2024-10-17,2024-10-21,257.0,268.1,4.32,271.85,257.82,256.39,-8.09,6.07,4
sz.300760,迈瑞医疗,2024-11-18,2024-11-20,267.63,275.0,2.75,277.74,275.68,260.05,-5.09,12.03,2
sz.300760,迈瑞医疗,2024-11-22,2024-11-26,263.31,266.58,1.24,269.56,274.71,261.21,-2.74,4.62,4
sz.300760,迈瑞医疗,2025-02-28,2025-03-04,252.91,246.0,-2.73,255.77,251.54,250.16,-1.2,3.65,4
sz.300782,卓胜微,2024-11-01,2024-11-05,91.26,100.02,9.6,97.11,101.67,78.2,-7.91,35.14,4
sz.300832,新产业,2024-10-16,2024-10-22,69.1,68.3,-1.16,73.44,72.11,66.98,-11.03,8.94,6
sz.300896,爱美客,2024-10-17,2024-10-18,202.4,220.33,8.86,206.01,181.27,165.86,-3.56,4.45,1
sz.300896,爱美客,2024-11-18,2024-11-20,210.8,215.99,2.46,222.74,222.24,185.37,-5.73,4.93,2
sz.300896,爱美客,2024-11-22,2024-11-26,204.57,204.25,-0.16,212.11,221.61,188.53,-5.82,3.72,4
sz.300896,爱美客,2025-03-25,2025-04-01,188.75,178.89,-5.22,191.43,185.26,180.93,-2.69,0.02,7
sz.300979,华利集团,2024-05-28,2024-05-29,67.01,67.1,0.13,68.38,68.86,63.17,-0.03,1.36,1
sz.300979,华利集团,2024-05-30,2024-05-31,66.73,67.66,1.39,67.45,69.13,63.48,-2.15,11.21,1
sz.300979,华利集团,2025-01-14,2025-01-15,73.95,74.06,0.15,76.01,76.14,72.55,-0.6,1.64,1
sz.300999,金龙鱼,2024-10-18,2024-10-21,33.54,33.31,-0.69,32.94,30.47,27.59,-1.83,2.08,3
sz.300999,金龙鱼,2024-11-22,2024-11-27,33.11,33.72,1.84,34.26,34.69,30.85,-7.36,18.5,5
sz.300999,金龙鱼,2024-12-18,2024-12-20,34.5,34.43,-0.2,34.97,34.46,33.61,-0.61,2.61,2
sz.301269,华大九天,2024-11-04,2024-11-05,94.35,100.04,6.03,97.34,97.05,81.86,-5.96,23.07,1
sz.301269,华大九天,2024-12-17,2024-12-19,122.27,123.65,1.13,126.15,126.62,108.96,-4.7,1.8,2
